Oda_Sayisi,Brut,Net,Bulundugu_Kat,Bina_Yas,Isitma_Tipi,Kat_sayisi,Kullanim_Durumu,Ilce,Fiyat
2+1,80,75,Yarı Bodrum,21 Ve Üzeri,Isıtma Yok,3,Boş,Fatih,"6,500"
1+1,61,50,4,5-10,Merkezi Doğalgaz,14,Boş,Tuzla,"7,500"
1+1,75,55,8,1,Merkezi (Pay Ölçer),11,Boş,Kağıthane,"19,000"
2+1,85,80,5,21 Ve Üzeri,Kombi Doğalgaz,5,Boş,Üsküdar - Valide,"9,000"
2+1,100,90,4,4,Kombi Doğalgaz,5,Boş,Maltepe,"20,000"
1+1,45,35,12,21 Ve Üzeri,Merkezi Doğalgaz,14,Boş,Bakırköy - Ataköy 7-8-9,"12,500"
1+1,72,55,28,5-10,Merkezi (Pay Ölçer),30,Boş,Sarıyer,"25,000"
2+1,95,90,Yüksek Giriş,5-10,Kombi Doğalgaz,5,Boş,Bahçelievler,"7,500"
3+1,135,120,Yüksek Giriş,5-10,Kombi Doğalgaz,6,Boş,Başakşehir,"10,500"
2+1,85,75,3,5-10,Kombi Doğalgaz,5,Boş,Şişli,"12,500"
1+1,45,30,6,5-10,Merkezi (Pay Ölçer),15,Boş,Zeytinburnu,"11,500"
1+1,65,60,3,21 Ve Üzeri,Kombi Doğalgaz,4,Boş,Bayrampaşa,"7,000"
4+2,450,425,Villa Tipi,5-10,Kombi Doğalgaz,4,Boş,Büyükçekmece,"20,000"
3+1,150,128,5,11-15,Kombi Doğalgaz,10,Boş,Esenyurt,"11,000"
2+1,140,110,10,4,Merkezi (Pay Ölçer),42,Mülk Sahibi Oturuyor,Sarıyer,"40,000"
1+1,65,59,Yüksek Giriş,21 Ve Üzeri,Kombi Doğalgaz,4,Boş,Fatih,"6,000"
2+1,120,108,3,21 Ve Üzeri,Kombi Doğalgaz,5,Boş,Fatih,"7,500"
3+1,130,100,3,21 Ve Üzeri,Merkezi Doğalgaz,6,Boş,Kadıköy,"13,000"
2+1,140,130,Müstakil,21 Ve Üzeri,Kombi Doğalgaz,4,Boş,Üsküdar,"18,000"
1+1,70,60,Bahçe Katı,5-10,Kombi Doğalgaz,4,Boş,Maltepe,"6,000"
Stüdyo,60,45,5,5-10,Merkezi (Pay Ölçer),20,Boş,Beylikdüzü,"5,000"
3+1,140,125,3,11-15,Kombi Doğalgaz,5,Mülk Sahibi Oturuyor,Şişli,"27,500"
1+1,95,80,3,11-15,Kombi Doğalgaz,5,Boş,Arnavutköy,"4,500"
1+1,57,47,2,11-15,Merkezi Doğalgaz,5,Boş,Küçükçekmece,"10,000"
2+1,103,101,2,11-15,Kombi Doğalgaz,4,Mülk Sahibi Oturuyor,Avcılar,"4,800"
1+1,60,50,8,2,Kombi Doğalgaz,10,Boş,Esenyurt,"7,000"
3+1,140,110,14,2,Kombi Doğalgaz,14,Boş,Küçükçekmece,"30,000"
1+1,44,30,9,5-10,Merkezi (Pay Ölçer),14,Mülk Sahibi Oturuyor,Kağıthane,"9,500"
Stüdyo,47,38,8,5-10,Merkezi Doğalgaz,11,Boş,Esenyurt,"6,500"
3+1,200,180,4,5-10,Kombi Doğalgaz,6,Boş,Kartal,"7,000"
1+1,55,45,1,21 Ve Üzeri,Kombi Doğalgaz,5,Boş,Büyükçekmece,"4,500"
1+1,62,47,13,5-10,Merkezi (Pay Ölçer),26,Kiracı Oturuyor,Bağcılar,"10,000"
1+1,50,45,Yüksek Giriş,21 Ve Üzeri,Kombi Doğalgaz,5,Boş,Bahçelievler,"4,600"
1+1,80,75,Bahçe Katı,11-15,Kombi Doğalgaz,5,Boş,Bayrampaşa,"6,000"
3+1,145,125,10,21 Ve Üzeri,Kombi Doğalgaz,13,Boş,Zeytinburnu,"15,000"
2+1,100,90,Bahçe Katı,4,Kombi Doğalgaz,5,Kiracı Oturuyor,Esenyurt,"4,500"
3+1,140,125,4,11-15,Kombi Doğalgaz,5,Mülk Sahibi Oturuyor,Ümraniye,"3,500"
2+1,105,90,3,5-10,Kombi Doğalgaz,5,Mülk Sahibi Oturuyor,Kağıthane,"6,500"
2+1,101,90,2,5-10,Merkezi (Pay Ölçer),17,Boş,Esenyurt,"10,000"
2+1,110,100,3,21 Ve Üzeri,Kombi Doğalgaz,3,Boş,Sarıyer,"20,000"
2+1,85,75,2,11-15,Kombi Doğalgaz,5,Boş,Kağıthane,"12,000"
2+1,110,100,3,21 Ve Üzeri,Kombi Doğalgaz,3,Boş,Sarıyer,"20,000"
4+1,170,145,5,3,Kombi Doğalgaz,6,Mülk Sahibi Oturuyor,Kağıthane,"21,000"
1.5+1,70,65,Düz Giriş,21 Ve Üzeri,Kombi Doğalgaz,5,Boş,Kağıthane,"7,500"
1+1,89,75,24,5-10,Merkezi (Pay Ölçer),25,Boş,Gaziosmanpaşa,"13,500"
2+1,125,120,3,5-10,Kombi Doğalgaz,5,Kiracı Oturuyor,Bağcılar,"5,000"
3+1,120,115,2,21 Ve Üzeri,Kombi Doğalgaz,5,Boş,Fatih,"14,000"
2+1,92,80,3,16-20,Kombi Doğalgaz,3,Boş,Kartal,"10,000"
1+1,55,40,2,5-10,Merkezi (Pay Ölçer),11,Boş,Çekmeköy,"7,000"
4+1,440,400,Düz Giriş,16-20,Kombi Doğalgaz,2,Boş,Silivri,"37,000"
3+1,140,130,3,11-15,Kombi Doğalgaz,4,Kiracı Oturuyor,Ataşehir,"14,500"
1+1,70,65,1,1,Kombi Doğalgaz,5,Boş,Şişli,"8,500"
3+1,120,110,4,21 Ve Üzeri,Kombi Doğalgaz,5,Boş,Bahçelievler,"10,000"
3+1,120,110,Yüksek Giriş,11-15,Kombi Doğalgaz,5,Boş,Bahçelievler,"10,000"
3+1,120,110,4,21 Ve Üzeri,Kombi Doğalgaz,5,Boş,Bahçelievler,"10,000"
2+1,95,85,2,4,Kombi Doğalgaz,2,Boş,Küçükçekmece,"8,250"
3+1,130,120,1,5-10,Kombi Doğalgaz,1,Kiracı Oturuyor,Bahçelievler,"12,000"
3+1,130,120,1,21 Ve Üzeri,Kombi Doğalgaz,3,Boş,Zeytinburnu,"11,000"
3+1,220,200,Düz Giriş,21 Ve Üzeri,Kombi Doğalgaz,3,Boş,Silivri,"8,000"
2+1,105,95,2,4,Kombi Doğalgaz,4,Boş,Sancaktepe,"8,000"
1+1,65,60,8,5-10,Merkezi Doğalgaz,14,Boş,Küçükçekmece,"8,500"
3+1,140,130,Bahçe Katı,5-10,Kombi Doğalgaz,6,Boş,Şişli,"23,000"
3+1,175,160,2,21 Ve Üzeri,Kombi Doğalgaz,5,Boş,Fatih,"18,000"
2+1,100,90,1,5-10,Kombi Doğalgaz,5,Boş,Ümraniye,"10,000"
2+1,85,80,4,11-15,Kombi Doğalgaz,4,Boş,Üsküdar - Valide,"8,750"
3+1,140,130,3,3,Kombi Doğalgaz,4,Boş,Silivri,"5,000"
1+1,60,50,5,5-10,Kombi Doğalgaz,5,Boş,Maltepe,"10,000"
1+1,50,40,Kot 2 (-2),4,Kombi Doğalgaz,5,Boş,Kağıthane,"6,500"
2+1,130,100,1,21 Ve Üzeri,Kombi Doğalgaz,3,Boş,Kadıköy,"14,500"
1+1,75,65,21,0 (Yeni),Merkezi (Pay Ölçer),30,Boş,Bağcılar,"15,000"
2+1,110,100,3,5-10,Merkezi (Pay Ölçer),27,Boş,Esenyurt,"8,000"
3+1,168,136,10,1,Kombi Doğalgaz,19,Boş,Avcılar,"25,000"
2+1,126,102,7,5-10,Merkezi (Pay Ölçer),30,Boş,Esenyurt,"12,500"
2+1,136,112,9,11-15,Merkezi (Pay Ölçer),17,Boş,Esenyurt,"15,000"
2+1,101,75,4,21 Ve Üzeri,Kombi Doğalgaz,6,Boş,Şişli,"20,000"
3+1,160,150,3,16-20,Kombi Doğalgaz,5,Boş,Avcılar,"8,000"
3+1,125,120,2,5-10,Kombi Doğalgaz,4,Boş,Bahçelievler,"17,000"
1+1,74,65,9,5-10,Merkezi (Pay Ölçer),18,Kiracı Oturuyor,Küçükçekmece,"8,000"
2+1,157,123,20,5-10,Merkezi (Pay Ölçer),23,Boş,Küçükçekmece,"19,500"
Stüdyo,40,35,3,16-20,Kombi Doğalgaz,3,Boş,Beşiktaş,"10,000"
3+1,145,120,8,16-20,Kombi Doğalgaz,14,Boş,Esenyurt,"12,000"
2+1,120,100,10,1,Kombi Doğalgaz,11,Mülk Sahibi Oturuyor,Esenyurt,"20,000"
2+1,125,110,5,16-20,Kombi Doğalgaz,6,Boş,Güngören,"9,500"
2+1,100,90,Yüksek Giriş,16-20,Kombi Doğalgaz,6,Mülk Sahibi Oturuyor,Küçükçekmece,"8,500"
2+1,120,100,2,5-10,Kombi Doğalgaz,8,Boş,Kadıköy,"7,500"
2+1,80,75,3,11-15,Kombi Doğalgaz,4,Boş,Ataşehir,"9,500"
Stüdyo,70,60,3,5-10,Merkezi (Pay Ölçer),25,Boş,Esenyurt,"6,000"
2+1,65,55,Kot 1 (-1),21 Ve Üzeri,Kombi Doğalgaz,4,Boş,Şişli,"12,000"
1+1,90,80,2,16-20,Kombi Doğalgaz,3,Boş,Sarıyer,"8,500"
4+1,200,150,1,21 Ve Üzeri,Kombi Doğalgaz,2,Boş,Üsküdar,"8,500"
1+1,70,60,2,0 (Yeni),Merkezi (Pay Ölçer),17,Boş,Başakşehir,"10,000"
2+1,110,100,Bahçe Katı,11-15,Kombi Doğalgaz,4,Boş,Büyükçekmece,"4,500"
2+1,90,80,Yüksek Giriş,5-10,Kombi Doğalgaz,4,Boş,Ataşehir,"9,750"
2+1,75,70,3,3,Kombi Doğalgaz,4,Mülk Sahibi Oturuyor,Küçükçekmece,"6,000"
3+1,120,110,Yüksek Giriş,11-15,Kombi Doğalgaz,5,Boş,Bahçelievler,"10,000"
1+1,55,50,2,5-10,Merkezi Doğalgaz,5,Boş,Esenyurt,"4,000"
2+1,140,97,7,2,Merkezi (Pay Ölçer),10,Boş,Sarıyer,"40,000"
1+1,55,44,5,5-10,Merkezi (Pay Ölçer),10,Boş,Esenyurt,"6,000"
3+1,105,90,Yüksek Giriş,21 Ve Üzeri,Merkezi Doğalgaz,5,Boş,Üsküdar,"14,000"
2+1,90,75,3,5-10,Kombi Doğalgaz,4,Boş,Çekmeköy,"8,750"
2+1,147,110,2,5-10,Kombi Doğalgaz,7,Boş,Beylikdüzü,"25,000"
3+1,120,110,1,21 Ve Üzeri,Kombi Doğalgaz,3,Boş,Zeytinburnu,"9,500"
4+1,140,130,Bahçe Katı,21 Ve Üzeri,Kombi Doğalgaz,5,Boş,Fatih,"8,000"
1+1,75,60,8,5-10,Merkezi (Pay Ölçer),22,Boş,Bağcılar,"11,000"
3+1,100,98,3,11-15,Kombi Doğalgaz,5,Boş,Kartal,"7,500"
Stüdyo,40,30,Düz Giriş,21 Ve Üzeri,Sobalı,5,Kiracı Oturuyor,Bahçelievler,"5,000"
2+1,80,70,1,21 Ve Üzeri,Kombi Doğalgaz,4,Boş,Kadıköy,"15,000"
1+1,60,45,4,5-10,Kombi Doğalgaz,15,Boş,Kağıthane,"17,500"
2+1,101,90,9,5-10,Merkezi (Pay Ölçer),16,Boş,Esenyurt,"11,900"
2+1,100,90,17,5-10,Merkezi (Pay Ölçer),25,Boş,Esenyurt,"10,000"
2+1,100,90,Düz Giriş,5-10,Doğalgaz Sobalı,2,Boş,Başakşehir,"5,000"
Stüdyo,35,34,4,21 Ve Üzeri,Isıtma Yok,4,Boş,Fatih,"5,000"
3+1,130,120,5,21 Ve Üzeri,Kombi Doğalgaz,7,Kiracı Oturuyor,Bahçelievler,"9,000"
2+1,90,80,Bahçe Katı,4,Kombi Doğalgaz,5,Kiracı Oturuyor,Esenyurt,"4,500"
Stüdyo,50,40,Bahçe Katı,1,Kombi Doğalgaz,7,Boş,Şişli,"6,500"
2+1,90,80,2,5-10,Kombi Doğalgaz,4,Boş,Kağıthane,"10,000"
1+1,65,55,5,11-15,Kombi Doğalgaz,5,Boş,Ataşehir,"9,000"
1+1,105,87,25,2,Merkezi (Pay Ölçer),30,Boş,Şişli,"32,500"
1+1,55,50,4,11-15,Kombi Doğalgaz,5,Boş,Şişli,"10,500"
1+1,45,38,11,5-10,Merkezi (Pay Ölçer),16,Boş,Zeytinburnu,"12,500"
1+1,75,55,6,0 (Yeni),Merkezi (Pay Ölçer),16,Boş,Sarıyer,"27,000"
Stüdyo,55,45,3,21 Ve Üzeri,Kombi Doğalgaz,3,Boş,Kadıköy,"12,500"
1+1,60,55,Yüksek Giriş,1,Kombi Doğalgaz,4,Boş,Şişli,"9,000"
2+1,95,84,6,5-10,Kombi Doğalgaz,10,Boş,Küçükçekmece,"10,500"
Stüdyo,79,61,2,4,Merkezi (Pay Ölçer),8,Boş,Pendik,"6,000"
2+1,100,85,1,5-10,Kombi Doğalgaz,5,Boş,Kağıthane,"9,000"
2+1,82,80,Yüksek Giriş,21 Ve Üzeri,Kombi Doğalgaz,4,Kiracı Oturuyor,Bahçelievler,"7,400"
1+1,75,65,21,0 (Yeni),Merkezi (Pay Ölçer),32,Boş,Bağcılar,"16,000"
2+1,90,80,Çatı Dubleks,5-10,Kombi Doğalgaz,5,Boş,Esenyurt,"5,000"
Stüdyo,40,35,Düz Giriş,21 Ve Üzeri,Isıtma Yok,5,Boş,Bahçelievler,"4,000"
3+1,140,125,4,16-20,Kombi Doğalgaz,4,Boş,Ataşehir,"3,000"
2+1,70,62,2,1,Merkezi Doğalgaz,5,Boş,Kağıthane,"14,000"
1+1,65,60,9,11-15,Merkezi Doğalgaz,14,Boş,Küçükçekmece,"8,900"
1+1,79,50,5,3,Merkezi (Pay Ölçer),6,Boş,Esenyurt,"7,500"
2+1,70,60,Düz Giriş,21 Ve Üzeri,Kombi Doğalgaz,5,Boş,Küçükçekmece,"5,500"
2+1,120,85,4,1,Kombi Doğalgaz,7,Boş,Beylikdüzü,"35,000"
2+1,90,85,3,11-15,Kombi Doğalgaz,5,Boş,Avcılar,"7,000"
1+1,60,50,Çatı Katı,11-15,Kombi Doğalgaz,5,Boş,Kağıthane,"6,000"
2+1,90,75,Düz Giriş,1,Kombi Doğalgaz,3,Boş,Üsküdar,"14,000"
1+1,70,55,13,5-10,Merkezi (Pay Ölçer),27,Boş,Başakşehir,"12,000"
Stüdyo,55,40,1,2,Merkezi (Pay Ölçer),20,Mülk Sahibi Oturuyor,Sarıyer,"16,000"
1+1,41,30,9,4,Merkezi (Pay Ölçer),14,Mülk Sahibi Oturuyor,Kağıthane,"9,500"
1+1,82,65,10,5-10,Merkezi Doğalgaz,10,Boş,Esenyurt,"7,000"
1+1,70,55,5,3,Merkezi (Pay Ölçer),25,Boş,Esenyurt,"10,000"
3.5+1,191,170,2,5-10,Merkezi (Pay Ölçer),16,Mülk Sahibi Oturuyor,Beylikdüzü,"30,000"
2+1,101,72,6,5-10,Merkezi (Pay Ölçer),19,Boş,Sarıyer,"34,500"
2+1,105,85,10,4,Merkezi (Pay Ölçer),17,Boş,Sarıyer,"35,000"
1+1,85,65,12,4,Merkezi (Pay Ölçer),30,Boş,Sarıyer,"25,000"
1+1,115,110,8,2,Merkezi Doğalgaz,8,Boş,Kağıthane,"20,000"
2+1,136,112,13,11-15,Merkezi (Pay Ölçer),16,Boş,Esenyurt,"15,000"
1 Oda,50,40,Düz Giriş,16-20,Kombi Doğalgaz,3,Boş,Beşiktaş,"12,000"
1+1,90,80,Yüksek Giriş,16-20,Kombi Doğalgaz,4,Boş,Beşiktaş,"25,500"
1+1,60,50,13,5-10,Merkezi (Pay Ölçer),18,Boş,Esenyurt,"7,250"
Stüdyo,50,40,Düz Giriş,0 (Yeni),Kombi Doğalgaz,3,Boş,Şişli,"8,000"
1+1,40,35,Kot 1 (-1),5-10,Kombi Doğalgaz,3,Boş,Şişli,"8,500"
Stüdyo,35,30,Kot 1 (-1),5-10,Kombi Doğalgaz,3,Boş,Şişli,"8,000"
1+1,60,50,Düz Giriş,0 (Yeni),Kombi Doğalgaz,4,Boş,Şişli,"8,500"
1+1,35,30,Kot 2 (-2),4,Kombi Doğalgaz,4,Boş,Şişli,"8,500"
Stüdyo,35,30,Kot 2 (-2),4,Kombi Doğalgaz,5,Boş,Şişli,"7,000"
1+1,50,40,Kot 1 (-1),2,Kombi Doğalgaz,6,Boş,Şişli,"8,500"
1+1,45,40,Yüksek Giriş,3,Kombi Doğalgaz,5,Boş,Şişli,"9,000"
1+1,45,35,Yüksek Giriş,4,Kombi Doğalgaz,4,Boş,Şişli,"9,000"
Stüdyo,30,25,Kot 1 (-1),4,Kombi Doğalgaz,4,Boş,Şişli,"8,000"
Stüdyo,42,40,Bahçe Katı,3,Kombi Doğalgaz,7,Boş,Şişli,"7,000"
Stüdyo,45,40,Kot 1 (-1),2,Kombi Doğalgaz,7,Boş,Şişli,"8,000"
1+1,55,50,Kot 1 (-1),2,Kombi Doğalgaz,7,Boş,Şişli,"8,500"
2+1,90,80,3,5-10,Kombi Doğalgaz,4,Boş,Şişli,"8,000"
1+1,50,45,Kot 3 (-3),4,Kombi Doğalgaz,5,Boş,Şişli,"8,000"
Stüdyo,45,40,Kot 1 (-1),3,Kombi Doğalgaz,7,Boş,Şişli,"8,000"
2+1,100,90,2,5-10,Kombi Doğalgaz,4,Boş,Kağıthane,"10,000"
1+1,60,50,Kot 2 (-2),0 (Yeni),Kombi Doğalgaz,7,Boş,Şişli,"8,000"
1+1,35,30,Kot 1 (-1),4,Kombi Doğalgaz,4,Boş,Şişli,"8,500"
1+1,45,40,Kot 2 (-2),4,Kombi Doğalgaz,5,Boş,Şişli,"8,000"
1+1,45,40,Kot 2 (-2),3,Kombi Doğalgaz,5,Boş,Şişli,"8,000"
Stüdyo,25,20,Kot 1 (-1),4,Kombi Doğalgaz,5,Boş,Şişli,"8,000"
Stüdyo,45,40,Kot 2 (-2),2,Kombi Doğalgaz,7,Boş,Şişli,"7,000"
1+1,55,52,Kot 1 (-1),5-10,Kombi Doğalgaz,6,Boş,Şişli,"8,500"
2+1,90,85,4,1,Kombi Doğalgaz,5,Boş,Şişli,"15,000"
1+1,60,50,Düz Giriş,0 (Yeni),Kombi Doğalgaz,4,Boş,Şişli,"8,500"
Stüdyo,45,30,Kot 1 (-1),2,Kombi Doğalgaz,6,Boş,Şişli,"8,000"
Stüdyo,50,45,Yüksek Giriş,2,Kombi Doğalgaz,7,Boş,Şişli,"8,500"
1+1,64,55,1,0 (Yeni),Kombi Doğalgaz,7,Boş,Şişli,"11,000"
1+1,39,31,2,4,Kombi Doğalgaz,3,Boş,Şişli,"11,000"
1+1,55,50,Yüksek Giriş,1,Kombi Doğalgaz,7,Boş,Şişli,"9,000"
Stüdyo,50,40,Yüksek Giriş,2,Kombi Doğalgaz,7,Boş,Şişli,"8,500"
1+1,60,40,2,2,Kombi Doğalgaz,6,Boş,Şişli,"11,000"
1+1,62,52,1,2,Kombi Doğalgaz,7,Boş,Şişli,"11,000"
Stüdyo,30,25,1,4,Kombi Doğalgaz,4,Boş,Şişli,"8,500"
1+1,60,50,1,2,Kombi Doğalgaz,7,Boş,Şişli,"11,000"
1+1,35,30,2,4,Kombi Doğalgaz,4,Boş,Şişli,"11,500"
2+1,78,72,3,11-15,Kombi Doğalgaz,5,Boş,Şişli,"12,000"
Stüdyo,30,25,Düz Giriş,5-10,Kombi Doğalgaz,3,Boş,Şişli,"8,500"
1+1,45,40,Düz Giriş,5-10,Kombi Doğalgaz,3,Boş,Şişli,"9,000"
1+1,50,38,Yüksek Giriş,2,Kombi Doğalgaz,6,Boş,Şişli,"9,000"
1+1,50,38,Yüksek Giriş,2,Kombi Doğalgaz,6,Boş,Şişli,"9,000"
Stüdyo,40,30,Yüksek Giriş,2,Kombi Doğalgaz,6,Boş,Şişli,"8,500"
1+1,58,52,1,5-10,Kombi Doğalgaz,7,Boş,Şişli,"11,000"
Stüdyo,50,40,Kot 2 (-2),2,Kombi Doğalgaz,7,Boş,Şişli,"8,000"
1+1,80,70,Düz Giriş,1,Kombi Doğalgaz,3,Boş,Şişli,"9,500"
2+1,75,70,2,5-10,Kombi Doğalgaz,6,Boş,Kağıthane,"9,000"
Stüdyo,55,52,Kot 1 (-1),5-10,Kombi Doğalgaz,7,Boş,Şişli,"8,000"
1+1,40,39,2,4,Merkezi (Pay Ölçer),4,Boş,Ataşehir,"7,750"
3+1,154,135,3,5-10,Merkezi (Pay Ölçer),21,Boş,Başakşehir,"28,000"
3+1,130,120,1,21 Ve Üzeri,Kombi Doğalgaz,5,Boş,Bahçelievler,"12,500"
2+1,130,120,Bahçe Katı,1,Kombi Doğalgaz,7,Boş,Çekmeköy,"13,500"
1+1,68,48,5,0 (Yeni),Kombi Doğalgaz,9,Boş,Pendik,"10,000"
3+1,174,120,7,5-10,Merkezi (Pay Ölçer),20,Boş,Başakşehir,"25,000"
5+2,320,250,4,21 Ve Üzeri,Kombi Doğalgaz,4,Boş,Avcılar,"12,500"
3+1,140,125,4,5-10,Kombi Doğalgaz,5,Boş,Beylikdüzü,"13,000"
1+1,50,49,Bahçe Katı,4,Kombi Doğalgaz,4,Boş,Ataşehir,"6,000"
2+1,90,80,4,21 Ve Üzeri,Kombi Doğalgaz,5,Boş,Bahçelievler,"9,000"
3+1,130,120,Yüksek Giriş,4,Kombi Doğalgaz,4,Boş,Üsküdar,"22,000"
2+1,75,70,Bahçe Katı,4,Merkezi Doğalgaz,5,Boş,Esenyurt,"4,500"
1+1,68,43,30-40,5-10,Merkezi (Pay Ölçer),30,Kiracı Oturuyor,Kartal,"10,500"
2+1,85,80,1,21 Ve Üzeri,Doğalgaz Sobalı,5,Boş,Fatih - Hırka,"6,500"
2+1,80,75,Yüksek Giriş,21 Ve Üzeri,Kombi Doğalgaz,5,Boş,Şişli,"13,250"
1+1,65,60,8,5-10,Kombi Doğalgaz,8,Kiracı Oturuyor,Pendik,"7,000"
2+1,90,80,9,5-10,Merkezi (Pay Ölçer),15,Boş,Bayrampaşa,"20,000"
2+1,120,115,2,21 Ve Üzeri,Kombi Doğalgaz,5,Boş,Kağıthane,"12,500"
2+1,90,84,4,21 Ve Üzeri,Kombi Doğalgaz,4,Boş,Şişli,"30,000"
3+1,140,130,2,21 Ve Üzeri,Merkezi (Pay Ölçer),5,Kiracı Oturuyor,Kadıköy,"30,000"
1+1,60,50,9,11-15,Merkezi (Pay Ölçer),27,Boş,Esenyurt,"5,750"
2+1,85,80,Kot 1 (-1),21 Ve Üzeri,Kombi Doğalgaz,4,Boş,Sarıyer,"10,000"
2+1,130,128,7,4,Kombi Doğalgaz,15,Boş,Esenyurt,"9,000"
2+1,110,90,4,3,Kombi Doğalgaz,18,Boş,Esenyurt,"13,000"
3+1,125,110,4,21 Ve Üzeri,Kombi Doğalgaz,4,Boş,Üsküdar,"15,000"
3+1,130,115,4,21 Ve Üzeri,Kombi Doğalgaz,4,Boş,Bahçelievler,"10,000"
1+1,60,55,3,21 Ve Üzeri,Kombi Doğalgaz,5,Boş,Fatih - Hırka,"7,000"
3+1,130,115,3,5-10,Kombi Doğalgaz,4,Boş,Küçükçekmece,"10,000"
2+1,90,85,2,21 Ve Üzeri,Kombi Doğalgaz,6,Boş,Bahçelievler,"10,000"
Stüdyo,45,35,8,1,Merkezi (Pay Ölçer),15,Boş,Sarıyer,"17,000"
2+1,141,98,6,2,Merkezi (Pay Ölçer),10,Boş,Sarıyer,"40,000"
Stüdyo,45,35,5,1,Merkezi (Pay Ölçer),15,Boş,Sarıyer,"17,000"
2+0,120,85,Yüksek Giriş,11-15,Kombi Doğalgaz,3,Boş,Beykoz,"6,000"
3+1,125,118,6,11-15,Merkezi (Pay Ölçer),7,Boş,Başakşehir,"12,000"
2+1,120,100,3,11-15,Kombi Doğalgaz,5,Boş,Ümraniye,"7,000"
2+1,125,101,9,1,Merkezi Doğalgaz,13,Boş,Sarıyer,"35,000"
1+1,73,70,3,5-10,Kombi Doğalgaz,10,Boş,Beşiktaş,"25,000"
2+1,115,105,2,16-20,Kombi Doğalgaz,4,Mülk Sahibi Oturuyor,Şişli,"22,500"
2+1,110,90,1,21 Ve Üzeri,Kombi Doğalgaz,5,Boş,Şişli,"25,000"
1+1,70,60,5,5-10,Merkezi (Pay Ölçer),8,Boş,Sancaktepe,"8,500"
3+1,117,110,12,21 Ve Üzeri,Merkezi Doğalgaz,14,Boş,Bakırköy - Ataköy 7-8-9,"20,000"
1+1,127,73,1,4,Merkezi (Pay Ölçer),24,Boş,Gaziosmanpaşa,"18,000"
1+1,76,55,8,4,Merkezi (Pay Ölçer),20,Boş,Gaziosmanpaşa,"15,000"
2+1,101,100,9,5-10,Merkezi (Pay Ölçer),16,Boş,Esenyurt,"12,000"
3+1,110,105,7,21 Ve Üzeri,Merkezi Doğalgaz,11,Mülk Sahibi Oturuyor,Bahçelievler,"14,000"
2+1,95,85,3,21 Ve Üzeri,Kombi Doğalgaz,6,Boş,Kartal,"10,000"
1+1,60,45,4,4,Merkezi (Pay Ölçer),15,Boş,Kağıthane,"17,500"
1+1,60,50,2,11-15,Kombi Doğalgaz,6,Boş,Kağıthane,"9,250"
2+1,104,80,6,5-10,Merkezi (Pay Ölçer),18,Boş,Zeytinburnu,"20,000"
2+1,110,90,6,21 Ve Üzeri,Kombi Doğalgaz,6,Mülk Sahibi Oturuyor,Bağcılar,"10,000"
2+1,130,125,3,11-15,Kombi Doğalgaz,3,Boş,Bakırköy,"15,000"
2+1,116,100,Bahçe Katı,11-15,Kombi Doğalgaz,5,Mülk Sahibi Oturuyor,Küçükçekmece,"6,000"
3+1,125,115,2,5-10,Kombi Doğalgaz,7,Boş,Kağıthane,"15,500"
1+1,92,55,10,5-10,Merkezi (Pay Ölçer),25,Boş,Gaziosmanpaşa,"24,000"
1+1,55,30,13,5-10,Merkezi Doğalgaz,15,Boş,Kağıthane,"12,500"
Stüdyo,55,25,Yüksek Giriş,5-10,Merkezi Doğalgaz,15,Boş,Kağıthane,"10,000"
1+1,80,70,Kot 2 (-2),3,Kombi Doğalgaz,4,Boş,Beylikdüzü,"8,500"
4+1,300,190,Bahçe Dublex,5-10,Kombi Doğalgaz,4,Mülk Sahibi Oturuyor,Sarıyer,"41,500"
3+1,120,110,3,21 Ve Üzeri,Kombi Doğalgaz,3,Boş,Maltepe,"9,500"
Stüdyo,40,35,Düz Giriş,21 Ve Üzeri,Isıtma Yok,5,Boş,Bahçelievler,"4,000"
2+1,95,90,Çatı Dubleks,5-10,Kombi Doğalgaz,3,Boş,Maltepe,"10,000"
2+1,160,150,6,5-10,Kombi Doğalgaz,14,Boş,Beylikdüzü,"18,500"
2+1,110,100,Bahçe Katı,5-10,Kombi Doğalgaz,4,Boş,Şişli,"28,000"
3+1,145,135,3,4,Kombi Doğalgaz,4,Boş,Kağıthane,"19,750"
2+1,130,110,Bahçe Katı,1,Merkezi (Pay Ölçer),17,Boş,Kağıthane,"35,000"
3+1,150,120,Bahçe Katı,5-10,Kombi Doğalgaz,5,Boş,Çekmeköy,"7,500"
1+1,75,74,6,4,Klimalı,8,Boş,Kadıköy,"10,000"
2+1,130,100,8,1,Merkezi (Pay Ölçer),17,Boş,Sarıyer,"35,000"
3+1,140,120,1,21 Ve Üzeri,Merkezi Doğalgaz,4,Kiracı Oturuyor,Avcılar,"7,000"
3+1,140,125,3,21 Ve Üzeri,Kombi Doğalgaz,5,Boş,Bahçelievler,"9,000"
1+1,85,65,20,4,Merkezi Doğalgaz,32,Boş,Sarıyer,"25,000"
2+1,120,95,21,4,Merkezi (Pay Ölçer),60,Boş,Sarıyer,"40,000"
2+1,92,70,19,4,Merkezi (Pay Ölçer),21,Boş,Kadıköy,"18,500"
2+1,90,65,12,2,Merkezi (Pay Ölçer),17,Boş,Zeytinburnu,"25,000"
2+1,80,75,3,21 Ve Üzeri,Kombi Doğalgaz,4,Boş,Üsküdar,"8,500"
2+1,100,90,Bahçe Katı,16-20,Kombi Doğalgaz,4,Boş,Küçükçekmece,"7,500"
2+1,80,75,1,21 Ve Üzeri,Kombi Doğalgaz,4,Boş,Büyükçekmece,"7,500"
2+1,90,85,2,16-20,Kombi Doğalgaz,4,Boş,Büyükçekmece,"8,000"
3+1,155,150,1,21 Ve Üzeri,Merkezi Doğalgaz,4,Boş,Beşiktaş,"25,000"
3+1,156,120,Yüksek Giriş,11-15,Merkezi Doğalgaz,22,Boş,Başakşehir,"23,000"
1+1,70,60,6,4,Merkezi (Pay Ölçer),12,Boş,Kağıthane,"12,000"
3+1,212,175,6,5-10,Yerden Isıtma,22,Kiracı Oturuyor,Ümraniye,"25,000"
2+1,95,80,2,5-10,Kombi Doğalgaz,4,Boş,Beşiktaş,"19,000"
2+1,80,75,6,5-10,Merkezi (Pay Ölçer),7,Boş,Şişli,"15,000"
1+1,70,50,6,0 (Yeni),Kombi Doğalgaz,25,Boş,Maltepe,"15,000"
2+1,130,120,16,5-10,Merkezi Doğalgaz,22,Boş,Başakşehir,"14,000"
2+1,95,80,1,5-10,Kombi Doğalgaz,5,Boş,Ümraniye,"10,000"
3+1,90,80,5,5-10,Kombi Doğalgaz,5,Boş,Maltepe,"8,500"
1+1,90,80,4,5-10,Kombi Doğalgaz,5,Boş,Maltepe,"7,500"
1+1,85,75,5,1,Kombi Doğalgaz,5,Boş,Üsküdar,"8,000"
1+1,85,75,5,5-10,Kombi Doğalgaz,5,Boş,Maltepe,"7,500"
2+1,90,80,Yüksek Giriş,16-20,Kombi Doğalgaz,6,Boş,Şişli,"8,000"
3+1,130,120,3,5-10,Kombi Doğalgaz,5,Boş,Beylikdüzü,"20,000"
1+1,75,70,Yüksek Giriş,11-15,Klimalı,5,Boş,Esenyurt,"5,500"
3+1,110,100,7,5-10,Kombi Doğalgaz,7,Mülk Sahibi Oturuyor,Kadıköy,"23,000"
1+1,80,70,6,11-15,Merkezi (Pay Ölçer),30,Boş,Sarıyer,"25,000"
1+1,85,65,11,5-10,Merkezi (Pay Ölçer),15,Boş,Sarıyer,"28,000"
Stüdyo,55,45,9,1,Merkezi (Pay Ölçer),30,Boş,Bağcılar,"9,000"
3+1,125,110,3,21 Ve Üzeri,Kombi Doğalgaz,6,Boş,Beykoz,"13,500"
1+1,66,60,2,5-10,Kombi Doğalgaz,4,Boş,Kağıthane,"13,750"
3+1,120,106,2,21 Ve Üzeri,Kombi Doğalgaz,5,Boş,Şişli,"18,000"
2+1,100,95,1,16-20,Kombi Doğalgaz,5,Boş,Beyoğlu,"10,000"
2+1,90,80,2,21 Ve Üzeri,Kombi Doğalgaz,5,Kiracı Oturuyor,Şişli,"13,000"
3+1,125,110,3,16-20,Kombi Doğalgaz,6,Boş,Beykoz,"13,500"
1+1,65,55,Bahçe Katı,11-15,Kombi Doğalgaz,2,Boş,Şile,"5,500"
2+1,90,80,Yüksek Giriş,0 (Yeni),Kombi Doğalgaz,5,Boş,Esenyurt,"5,000"
3+1,160,150,6,21 Ve Üzeri,Merkezi Doğalgaz,9,Boş,Büyükçekmece,"12,500"
1.5+1,118,90,6,4,Merkezi (Pay Ölçer),33,Boş,Sarıyer,"26,000"
3+1,135,120,Yüksek Giriş,5-10,Kombi Doğalgaz,6,Boş,Başakşehir,"10,500"
2+1,141,96,6,2,Merkezi (Pay Ölçer),10,Boş,Sarıyer,"40,000"
2+1,85,75,3,5-10,Kombi Doğalgaz,5,Boş,Şişli,"13,000"
2+1,85,75,3,5-10,Kombi Doğalgaz,5,Boş,Şişli,"12,500"
2+1,80,75,Bahçe Katı,11-15,Kombi Doğalgaz,4,Boş,Ataşehir,"7,000"
1+1,65,60,Kot 2 (-2),21 Ve Üzeri,Kombi Doğalgaz,5,Boş,Beyoğlu,"12,000"
2+1,85,75,2,21 Ve Üzeri,Kombi Doğalgaz,4,Boş,Kadıköy,"30,000"
4+1,190,180,2,5-10,Merkezi (Pay Ölçer),8,Boş,Küçükçekmece,"22,500"
4+1,220,200,2,5-10,Merkezi (Pay Ölçer),3,Boş,Küçükçekmece,"40,000"
3+1,160,145,4,11-15,Doğalgaz Sobalı,13,Boş,Beylikdüzü,"15,000"
3+1,149,127,3,11-15,Kombi Doğalgaz,7,Boş,Başakşehir,"18,000"
4+1,230,180,4,11-15,Kombi Doğalgaz,10,Boş,Kadıköy,"40,000"
Stüdyo,60,50,Düz Giriş,11-15,Kombi Doğalgaz,5,Boş,Üsküdar,"6,500"
2+1,120,110,3,21 Ve Üzeri,Kombi Doğalgaz,5,Boş,Bahçelievler,"9,000"
3+1,160,135,2,2,Merkezi (Pay Ölçer),5,Boş,Beylikdüzü,"19,500"
4+1,320,250,Düz Giriş,5-10,Kombi Doğalgaz,3,Boş,Silivri,"20,000"
3+1,165,150,3,5-10,Merkezi (Pay Ölçer),7,Boş,Beylikdüzü,"18,500"
3+1,155,140,10,21 Ve Üzeri,Kombi Doğalgaz,14,Boş,Beylikdüzü,"11,000"
1+1,75,70,Bahçe Katı,21 Ve Üzeri,Kombi Doğalgaz,5,Mülk Sahibi Oturuyor,Bayrampaşa,"6,000"
2+1,101,73,4,1,Merkezi (Pay Ölçer),17,Boş,Kağıthane,"40,000"
3+1,130,110,8,16-20,Kombi Doğalgaz,9,Mülk Sahibi Oturuyor,Başakşehir,"22,500"
2+1,90,85,5,11-15,Kombi Doğalgaz,6,Boş,Büyükçekmece,"6,000"
1+1,60,55,Çatı Katı,16-20,Kombi Doğalgaz,5,Boş,Şişli,"9,000"
1+1,110,100,Bahçe Katı,5-10,Doğalgaz Sobalı,5,Boş,Fatih,"15,000"
1+1,60,50,7,5-10,Merkezi (Pay Ölçer),14,Boş,Ümraniye,"10,500"
1+1,59,49,17,11-15,Merkezi (Pay Ölçer),30,Boş,Esenyurt,"7,000"
2+1,120,100,3,11-15,Kombi Doğalgaz,5,Boş,Fatih,"14,000"
2+1,120,100,5,11-15,Kombi Doğalgaz,5,Boş,Fatih,"14,000"
2+1,120,100,5,11-15,Kombi Doğalgaz,5,Boş,Fatih,"14,000"
2.5+1,110,90,1,21 Ve Üzeri,Kombi Doğalgaz,5,Boş,Şişli,"25,000"
3+1,165,134,6,5-10,Merkezi (Pay Ölçer),16,Boş,Gaziosmanpaşa,"27,000"
1+1,65,60,Yüksek Giriş,16-20,Kombi Doğalgaz,3,Boş,Ataşehir,"6,000"
5+1,180,170,4,11-15,Kombi Doğalgaz,4,Boş,Bağcılar,"15,000"
2+1,90,80,4,5-10,Kombi Doğalgaz,20,Boş,Beşiktaş,"23,000"
Stüdyo,38,28,7,4,Merkezi (Pay Ölçer),10,Boş,Esenyurt,"4,500"
1+1,70,60,2,16-20,Kombi Doğalgaz,4,Boş,Ataşehir,"8,750"
1+1,85,70,18,5-10,Merkezi (Pay Ölçer),30,Boş,Sarıyer,"25,000"
2+1,120,85,Bahçe Katı,11-15,Kombi Doğalgaz,3,Mülk Sahibi Oturuyor,Büyükçekmece,"15,000"
4+1,190,160,Çatı Katı,16-20,Kombi Doğalgaz,4,Boş,Sarıyer,"35,000"
3.5+1,130,120,2,16-20,Kombi Doğalgaz,5,Boş,Beykoz,"15,000"
1+1,95,80,21,3,Merkezi (Pay Ölçer),45,Boş,Sarıyer,"40,000"
1+1,80,70,Çatı Katı,16-20,Kombi Doğalgaz,5,Boş,Sultangazi,"5,000"
2+1,115,105,2,16-20,Kombi Doğalgaz,4,Mülk Sahibi Oturuyor,Beşiktaş,"22,000"
1+1,72,58,30,5-10,Merkezi (Pay Ölçer),32,Boş,Sarıyer,"25,000"
1+1,90,75,2,11-15,Kombi Doğalgaz,4,Boş,Eyüpsultan,"21,000"
3+1,130,120,5,16-20,Kombi Doğalgaz,6,Boş,Bahçelievler,"10,000"
1+1,95,80,20,4,Merkezi (Pay Ölçer),45,Boş,Sarıyer,"40,000"
3+1,130,120,4,21 Ve Üzeri,Kombi Doğalgaz,5,Boş,Bahçelievler,"12,000"
3+1,130,120,4,21 Ve Üzeri,Kombi Doğalgaz,5,Kiracı Oturuyor,Fatih,"15,000"
3+1,140,120,8,11-15,Kombi Doğalgaz,10,Boş,Beylikdüzü,"7,000"
1+1,73,70,3,5-10,Kombi Doğalgaz,10,Boş,Beşiktaş,"25,000"
1+1,68,64,20,5-10,Merkezi (Pay Ölçer),27,Boş,Esenyurt,"6,450"
2+1,156,120,4,21 Ve Üzeri,Kombi Doğalgaz,6,Boş,Fatih,"18,500"
4+1,240,210,1,16-20,Kombi Doğalgaz,3,Boş,Bakırköy,"30,000"
4+1,250,220,Düz Giriş,11-15,Kombi Doğalgaz,2,Boş,Şile,"11,000"
3+1,175,165,1,21 Ve Üzeri,Kombi Doğalgaz,2,Boş,Bakırköy,"27,000"
1+1,70,60,21,3,Merkezi (Pay Ölçer),35,Boş,Kartal,"15,600"
2+1,85,75,Bahçe Katı,0 (Yeni),Kombi Doğalgaz,5,Boş,Bahçelievler,"10,000"
4+1,293,235,Villa Tipi,5-10,Merkezi (Pay Ölçer),1,Mülk Sahibi Oturuyor,Esenyurt,"17,000"
4+2,200,190,4,21 Ve Üzeri,Kombi Doğalgaz,4,Boş,Üsküdar,"14,000"
1+1,60,45,4,4,Kombi Doğalgaz,15,Boş,Kağıthane,"18,000"
3+1,180,145,3,21 Ve Üzeri,Kombi Doğalgaz,11,Boş,Beylikdüzü,"15,000"
1+1,80,55,7,0 (Yeni),Merkezi Doğalgaz,7,Boş,Kağıthane,"18,500"
2+1,110,90,1,5-10,Kombi Doğalgaz,4,Boş,Esenyurt,"6,000"
2+1,100,75,19,1,Merkezi (Pay Ölçer),21,Boş,Kadıköy,"18,500"
3+1,110,105,7,21 Ve Üzeri,Merkezi Doğalgaz,11,Mülk Sahibi Oturuyor,Bahçelievler,"14,000"
2+1,100,85,Düz Giriş,16-20,Kombi Doğalgaz,5,Boş,Sultangazi,"6,000"
2+1,80,75,Bahçe Katı,11-15,Kombi Doğalgaz,3,Mülk Sahibi Oturuyor,Avcılar,"7,200"
2+1,110,100,2,21 Ve Üzeri,Kombi Doğalgaz,3,Boş,Ümraniye,"6,000"
3+1,149,127,3,11-15,Kombi Doğalgaz,7,Boş,Başakşehir,"17,900"
3+1,120,110,2,21 Ve Üzeri,Kombi Doğalgaz,3,Boş,Beylikdüzü,"10,000"
3+1,135,130,3,21 Ve Üzeri,Kombi Doğalgaz,3,Boş,Büyükçekmece,"14,000"
1+1,95,90,3,4,Kombi Doğalgaz,3,Boş,Avcılar,"11,000"
2+1,120,100,2,11-15,Kombi Doğalgaz,5,Boş,Gaziosmanpaşa,"7,500"
4+2,460,445,Villa Tipi,4,Kombi Doğalgaz,3,Boş,Beylikdüzü,"20,000"
1+1,79,63,38,2,Merkezi (Pay Ölçer),39,Boş,Esenyurt,"7,750"
2+0,95,85,1,11-15,Kombi Doğalgaz,4,Boş,Şişli,"12,500"
2+1,85,80,3,5-10,Kombi Doğalgaz,4,Boş,Avcılar,"9,000"
2+1,100,90,15,2,Merkezi (Pay Ölçer),24,Boş,Kadıköy,"25,000"
1+1,120,85,4,4,Merkezi (Pay Ölçer),20,Boş,Gaziosmanpaşa,"14,000"
1+1,65,50,Yüksek Giriş,16-20,Kombi Doğalgaz,4,Boş,Ataşehir,"7,750"
2+1,100,85,Bahçe Katı,16-20,Kombi Doğalgaz,3,Boş,Şile,"8,000"
4+1,400,340,3,16-20,Kombi Doğalgaz,4,Boş,Avcılar,"27,000"
2+1,120,100,6,3,Merkezi (Pay Ölçer),12,Boş,Esenyurt,"8,000"
Stüdyo,25,22,Çatı Katı,21 Ve Üzeri,Kombi Doğalgaz,4,Boş,Fatih,"5,000"
Stüdyo,27,25,4,4,Kombi Doğalgaz,4,Boş,Fatih,"7,000"
2+1,95,90,Düz Giriş,16-20,Kombi Doğalgaz,5,Boş,Avcılar,"8,000"
2+1,125,120,Düz Giriş,0 (Yeni),Kombi Doğalgaz,7,Boş,Avcılar,"10,000"
1+1,77,55,1,5-10,Kombi Doğalgaz,10,Mülk Sahibi Oturuyor,Sancaktepe,"6,950"
1+1,55,48,4,11-15,Merkezi (Pay Ölçer),12,Boş,Sancaktepe,"11,000"
1+1,60,50,6,5-10,Merkezi (Pay Ölçer),13,Boş,Sancaktepe,"8,500"
2+1,105,73,9,1,Merkezi (Pay Ölçer),10,Boş,Küçükçekmece,"20,000"
2+1,95,90,Bahçe Katı,21 Ve Üzeri,Kombi Doğalgaz,5,Boş,Sarıyer,"10,000"
2+1,100,95,5,5-10,Kombi Doğalgaz,6,Boş,Kağıthane,"14,000"
1+1,60,53,Çatı Katı,5-10,Kombi Doğalgaz,5,Boş,Şişli,"10,000"
2+1,90,80,Kot 2 (-2),16-20,Kombi Doğalgaz,5,Boş,Kağıthane,"10,000"
2+1,100,95,3,5-10,Merkezi (Pay Ölçer),14,Kiracı Oturuyor,Kağıthane,"14,000"
1+1,55,50,4,5-10,Kombi Doğalgaz,4,Boş,Şişli,"8,500"
2+1,90,80,Yüksek Giriş,11-15,Kombi Doğalgaz,5,Boş,Kağıthane,"13,500"
3+1,165,150,Villa Tipi,0 (Yeni),Kombi Doğalgaz,4,Boş,Beylikdüzü,"20,000"
2+1,100,90,3,21 Ve Üzeri,Kombi Doğalgaz,5,Boş,Avcılar,"10,000"
4+1,150,140,5,16-20,Kombi Doğalgaz,5,Boş,Avcılar,"12,000"
3+1,130,110,3,11-15,Kombi Doğalgaz,3,Boş,Ümraniye,"10,000"
2+1,110,100,1,11-15,Kombi Doğalgaz,4,Boş,Ümraniye,"12,000"
3+1,170,155,2,21 Ve Üzeri,Kombi Doğalgaz,3,Boş,Büyükçekmece,"8,000"
3+1,115,110,Yüksek Giriş,21 Ve Üzeri,Kombi Doğalgaz,8,Boş,Beylikdüzü,"5,000"
2+1,95,90,5,4,Kombi Doğalgaz,8,Boş,Esenyurt,"11,000"
2+1,75,70,Yüksek Giriş,5-10,Merkezi (Pay Ölçer),15,Boş,Başakşehir,"8,000"
4+1,220,180,Düz Giriş,16-20,Kombi Doğalgaz,3,Boş,Tuzla,"20,000"
Stüdyo,60,45,10,5-10,Merkezi (Pay Ölçer),20,Boş,Esenyurt,"6,000"
3+1,150,140,5,21 Ve Üzeri,Kombi Doğalgaz,6,Boş,Şişli,"31,000"
2+1,80,75,Çatı Katı,11-15,Kombi Doğalgaz,3,Boş,Eyüpsultan,"8,000"
1+1,50,40,14,21 Ve Üzeri,Merkezi Doğalgaz,14,Boş,Bakırköy - Ataköy 7-8-9,"12,000"
2+1,110,90,15,3,Merkezi (Pay Ölçer),20,Boş,Başakşehir,"25,000"
1 Oda,32,23,3,21 Ve Üzeri,Merkezi Doğalgaz,5,Boş,Kadıköy,"3,900"
1+1,110,100,Bahçe Katı,21 Ve Üzeri,Kombi Doğalgaz,3,Boş,Sarıyer,"28,000"
2+1,90,80,3,5-10,Merkezi Doğalgaz,6,Boş,Esenyurt,"6,050"
2+1,95,90,3,3,Kombi Doğalgaz,6,Boş,Esenyurt,"5,500"
1+1,55,50,Düz Giriş,16-20,Kombi Doğalgaz,2,Boş,Silivri,"5,000"
2+1,85,80,2,21 Ve Üzeri,Kombi Doğalgaz,5,Boş,Fatih - Hırka,"9,000"
1+1,73,60,13,2,Merkezi (Pay Ölçer),39,Boş,Esenyurt,"9,000"
2+1,88,60,14,5-10,Merkezi (Pay Ölçer),14,Boş,Eyüpsultan,"18,500"
5+2,350,300,7,5-10,Kombi Doğalgaz,7,Boş,Büyükçekmece,"25,000"
1+1,75,55,Kot 1 (-1),4,Kombi Doğalgaz,5,Boş,Eyüpsultan,"7,500"
3+1,115,100,1,21 Ve Üzeri,Kombi Doğalgaz,4,Boş,Ataşehir,"9,000"
3+1,120,110,Bahçe Katı,16-20,Kombi Doğalgaz,3,Boş,Bahçelievler,"7,000"
3+1,120,110,Yüksek Giriş,21 Ve Üzeri,Kombi Doğalgaz,3,Mülk Sahibi Oturuyor,Zeytinburnu,"14,000"
Stüdyo,55,45,Bahçe Katı,21 Ve Üzeri,Kombi Doğalgaz,6,Boş,Şişli,"8,500"
2+1,90,85,Kot 1 (-1),21 Ve Üzeri,Kombi Doğalgaz,5,Boş,Fatih,"7,750"
2+1,110,100,3,16-20,Kombi Doğalgaz,5,Boş,Avcılar,"8,000"
2+1,90,85,8,4,Merkezi Doğalgaz,12,Boş,Başakşehir,"17,000"
2+1,105,90,2,5-10,Kombi Doğalgaz,5,Boş,Beylikdüzü,"7,000"
2+1,100,80,Bahçe Katı,0 (Yeni),Kombi Doğalgaz,3,Boş,Başakşehir,"7,500"
2+1,90,80,2,21 Ve Üzeri,Kombi Doğalgaz,5,Boş,Eyüpsultan,"6,500"
Stüdyo,50,35,2,4,Merkezi (Pay Ölçer),30,Boş,Esenyurt,"4,000"
2+1,103,95,Bahçe Katı,4,Merkezi (Pay Ölçer),11,Boş,Küçükçekmece,"25,000"
3+1,130,115,2,21 Ve Üzeri,Merkezi (Pay Ölçer),8,Boş,Bakırköy - Ataköy 2-5,"14,500"
3+1,140,120,4,3,Kombi Doğalgaz,5,Boş,Şişli,"20,000"
3+1,150,140,1,4,Kombi Doğalgaz,3,Boş,Büyükçekmece,"12,000"
2+1,100,97,6,4,Merkezi (Pay Ölçer),10,Boş,Çekmeköy,"10,000"
3+1,110,100,Düz Giriş,4,Kombi Doğalgaz,5,Boş,Bahçelievler,"8,750"
1+1,73,50,7,5-10,Merkezi (Pay Ölçer),18,Boş,Bahçelievler,"15,000"
3+1,110,100,Düz Giriş,4,Kombi Doğalgaz,5,Boş,Bahçelievler,"8,750"
1+1,73,50,7,5-10,Merkezi (Pay Ölçer),18,Boş,Bahçelievler,"15,000"
2+1,85,70,Bahçe Katı,21 Ve Üzeri,Kombi Doğalgaz,4,Boş,Bakırköy,"6,000"
3+1,106,105,6,16-20,Merkezi Doğalgaz,11,Boş,Kağıthane,"12,500"
Stüdyo,65,55,7,11-15,Kombi Doğalgaz,10,Boş,Pendik,"5,500"
3+1,155,150,1,21 Ve Üzeri,Merkezi Doğalgaz,4,Boş,Beşiktaş,"25,000"
2+1,100,90,3,4,Kombi Doğalgaz,5,Boş,Çekmeköy,"9,800"
3+1,164,135,3,5-10,Kombi Doğalgaz,15,Mülk Sahibi Oturuyor,Esenyurt,"15,000"
1+1,75,60,8,5-10,Kombi Doğalgaz,30,Kiracı Oturuyor,Esenyurt,"10,000"
2+1,101,80,6,5-10,Merkezi (Pay Ölçer),12,Boş,Sarıyer,"40,000"
2+1,100,85,3,11-15,Kombi Doğalgaz,5,Boş,Eyüpsultan,"10,000"
1+1,85,62,3,1,Merkezi (Pay Ölçer),10,Boş,Beylikdüzü,"15,000"
2+1,120,100,4,21 Ve Üzeri,Kombi Doğalgaz,5,Boş,Kartal,"10,000"
2+1,60,55,Çatı Katı,11-15,Kombi Doğalgaz,5,Boş,Şişli,"12,000"
2+1,90,85,Düz Giriş,16-20,Kombi Doğalgaz,4,Boş,Gaziosmanpaşa,"8,000"
3+1,150,120,4,21 Ve Üzeri,Kombi Doğalgaz,4,Boş,Bahçelievler,"12,000"
1+1,80,65,6,5-10,Merkezi (Pay Ölçer),10,Boş,Esenyurt,"7,000"
2+1,120,100,2,21 Ve Üzeri,Kombi Doğalgaz,5,Boş,Üsküdar,"9,500"
1+1,90,70,Bahçe Katı,5-10,Kombi Doğalgaz,5,Boş,Esenyurt,"5,000"
4+2,180,160,Çatı Katı,21 Ve Üzeri,Kombi Doğalgaz,6,Mülk Sahibi Oturuyor,Sultangazi,"9,500"
2+1,95,90,Yüksek Giriş,16-20,Doğalgaz Sobalı,5,Boş,Sultangazi,"5,000"
2+1,110,88,1,1,Merkezi (Pay Ölçer),13,Boş,Kağıthane,"15,000"
2+1,90,85,1,5-10,Kombi Doğalgaz,4,Kiracı Oturuyor,Kağıthane,"12,500"
3+1,160,120,4,21 Ve Üzeri,Merkezi Doğalgaz,8,Boş,Kadıköy,"14,520"
2+1,125,120,4,21 Ve Üzeri,Kombi Doğalgaz,4,Boş,Fatih,"12,000"
3+1,165,160,Çatı Dubleks,5-10,Kombi Doğalgaz,3,Boş,Şişli,"27,000"
2+1,100,90,13,5-10,Kombi Doğalgaz,25,Boş,Esenyurt,"8,000"
3+1,165,140,5,16-20,Kombi Doğalgaz,5,Mülk Sahibi Oturuyor,Şile,"15,000"
3.5+1,150,140,1,5-10,Kombi Doğalgaz,4,Boş,Avcılar,"11,000"
1+1,62,50,2,5-10,Merkezi (Pay Ölçer),9,Boş,Küçükçekmece,"8,100"
Stüdyo,45,40,Düz Giriş,21 Ve Üzeri,Kombi Doğalgaz,3,Boş,Fatih,"3,500"
1+1,75,70,Yüksek Giriş,21 Ve Üzeri,Kombi Doğalgaz,3,Boş,Fatih,"5,500"
Stüdyo,20,19,Yüksek Giriş,4,Klimalı,3,Boş,Fatih,"4,000"
1+1,65,45,20,1,Merkezi Doğalgaz,22,Mülk Sahibi Oturuyor,Kadıköy,"20,000"
3+1,140,110,5,21 Ve Üzeri,Merkezi Doğalgaz,5,Mülk Sahibi Oturuyor,Şişli,"15,000"
1+1,119,81,20,16-20,Merkezi (Pay Ölçer),30,Mülk Sahibi Oturuyor,Şişli,"20,000"
1+1,65,50,5,5-10,Merkezi (Pay Ölçer),30,Boş,Küçükçekmece,"10,000"
1+1,66,52,14,1,Merkezi (Pay Ölçer),17,Boş,Sarıyer,"18,000"
Stüdyo,45,35,8,1,Merkezi (Pay Ölçer),14,Boş,Sarıyer,"15,000"
1+1,86,60,12,5-10,Merkezi (Pay Ölçer),20,Boş,Sarıyer,"22,000"
1+1,80,75,20,1,Merkezi (Pay Ölçer),30,Boş,Bağcılar,"13,500"
1+1,90,80,13,11-15,Merkezi (Pay Ölçer),19,Boş,Küçükçekmece,"12,000"
2+1,150,130,4,11-15,Merkezi (Pay Ölçer),17,Boş,Başakşehir,"19,000"
3+1,150,130,3,11-15,Kombi Doğalgaz,4,Boş,Üsküdar,"11,500"
6+1,240,220,4,16-20,Kombi Doğalgaz,4,Boş,Şişli,"20,000"
3+1,160,135,5,5-10,Kombi Doğalgaz,5,Boş,Kağıthane,"40,000"
2+1,115,105,2,16-20,Kombi Doğalgaz,4,Mülk Sahibi Oturuyor,Beşiktaş,"22,500"
2+2,100,96,4,21 Ve Üzeri,Kombi Doğalgaz,5,Boş,Kağıthane,"7,500"
3+2,170,147,4,4,Kombi Doğalgaz,5,Boş,Kağıthane,"22,000"
1+1,90,75,8,4,Merkezi (Pay Ölçer),15,Kiracı Oturuyor,Kağıthane,"25,000"
2+1,95,85,4,21 Ve Üzeri,Merkezi (Pay Ölçer),5,Boş,Şişli,"19,500"
2+1,90,85,2,21 Ve Üzeri,Kombi Doğalgaz,6,Mülk Sahibi Oturuyor,Beyoğlu,"30,000"
2+1,90,89,4,21 Ve Üzeri,Merkezi (Pay Ölçer),5,Boş,Şişli,"30,000"
2+1,80,75,4,11-15,Kombi Doğalgaz,6,Boş,Kağıthane,"10,000"
2+1,110,75,8,0 (Yeni),Merkezi (Pay Ölçer),15,Boş,Kağıthane,"22,000"
1+1,90,65,23,5-10,Yerden Isıtma,30,Boş,Sarıyer,"19,999"
1+1,75,65,9,16-20,Merkezi (Pay Ölçer),9,Kiracı Oturuyor,Küçükçekmece,"8,500"
1 Oda,52,45,3,3,Merkezi Doğalgaz,6,Boş,Şişli,"30,000"
Stüdyo,45,35,3,1,Merkezi (Pay Ölçer),11,Kiracı Oturuyor,Sarıyer,"18,000"
2+1,147,101,2,4,Merkezi (Pay Ölçer),24,Boş,Gaziosmanpaşa,"22,000"
2+1,130,120,1,21 Ve Üzeri,Kombi Doğalgaz,2,Boş,Bakırköy,"20,000"
2+1,105,94,Tam Bodrum,5-10,Merkezi Doğalgaz,3,Boş,Eyüpsultan,"11,500"
3+1,120,110,2,21 Ve Üzeri,Kombi Doğalgaz,5,Boş,Fatih,"15,000"
1+1,65,60,4,5-10,Merkezi (Pay Ölçer),13,Boş,Küçükçekmece,"8,500"
1+1,60,55,3,21 Ve Üzeri,Merkezi Doğalgaz,5,Boş,Bakırköy - Ataköy 7-8-9,"15,000"
Stüdyo,65,55,7,11-15,Kombi Doğalgaz,10,Boş,Pendik,"5,500"
3+1,141,135,11,5-10,Merkezi (Pay Ölçer),14,Boş,Küçükçekmece,"25,000"
2+1,100,95,Yüksek Giriş,4,Kombi Doğalgaz,4,Boş,Başakşehir,"5,000"
1+1,65,55,Yüksek Giriş,1,Kombi Doğalgaz,4,Boş,Şişli,"9,500"
3+1,100,90,2,21 Ve Üzeri,Kombi Doğalgaz,5,Boş,Fatih,"15,000"
3+1,145,136,3,21 Ve Üzeri,Merkezi (Pay Ölçer),4,Boş,Sarıyer,"30,500"
3+1,200,165,11,11-15,Kombi Doğalgaz,12,Boş,Beylikdüzü,"20,000"
2+1,68,55,8,11-15,Merkezi (Pay Ölçer),8,Boş,Başakşehir,"8,200"
5+2,525,500,Düz Giriş,16-20,Kombi Doğalgaz,3,Boş,Beykoz,"30,000"
2+1,100,90,3,21 Ve Üzeri,Kombi Doğalgaz,7,Boş,Beykoz,"12,500"
2+0,65,50,Düz Giriş,16-20,Isıtma Yok,8,Boş,Pendik,"3,500"
2+1,95,83,1,21 Ve Üzeri,Kombi Doğalgaz,5,Boş,Bahçelievler,"8,500"
2+1,120,110,4,16-20,Kombi Doğalgaz,5,Boş,Büyükçekmece,"5,800"
2+1,140,135,2,21 Ve Üzeri,Kombi Doğalgaz,3,Boş,Zeytinburnu,"6,500"
4+1,226,200,1,4,Merkezi (Pay Ölçer),10,Boş,Başakşehir,"40,000"
1+1,68,55,6,5-10,Merkezi (Pay Ölçer),9,Boş,Pendik,"10,500"
3.5+1,120,110,2,21 Ve Üzeri,Kombi Doğalgaz,2,Boş,Beşiktaş,"20,000"
2+1,95,90,2,21 Ve Üzeri,Kombi Doğalgaz,4,Boş,Sarıyer,"15,000"
2+1,120,95,25,5-10,Merkezi (Pay Ölçer),29,Boş,Bağcılar,"20,000"
2+1,147,130,10,0 (Yeni),Merkezi (Pay Ölçer),17,Boş,Başakşehir,"17,000"
5+2,350,340,3,3,Kombi Doğalgaz,3,Boş,Büyükçekmece,"35,000"
5+2,350,340,3,3,Kombi Doğalgaz,3,Boş,Büyükçekmece,"35,000"
1+1,70,55,22,4,Merkezi (Pay Ölçer),28,Boş,Kadıköy,"17,000"
2+1,95,90,2,16-20,Kombi Doğalgaz,4,Boş,Küçükçekmece,"6,000"
2+1,93,90,7,16-20,Kombi Doğalgaz,7,Mülk Sahibi Oturuyor,Şişli,"10,000"
1+1,70,65,25,5-10,Merkezi Doğalgaz,40,Boş,Esenyurt,"6,000"
3+1,150,140,5,21 Ve Üzeri,Kombi Doğalgaz,6,Boş,Şişli,"30,000"
3+1,155,135,3,4,Kombi Doğalgaz,6,Boş,Beylikdüzü,"15,500"
1+1,60,45,4,5-10,Kombi Doğalgaz,4,Boş,Küçükçekmece,"7,000"
3+1,120,110,1,21 Ve Üzeri,Kombi Doğalgaz,5,Boş,Fatih,"9,500"
2+1,115,110,4,4,Kombi Doğalgaz,13,Boş,Esenyurt,"7,500"
2+1,90,80,2,21 Ve Üzeri,Kombi Doğalgaz,5,Kiracı Oturuyor,Bahçelievler,"8,000"
2+1,100,90,6,16-20,Kombi Doğalgaz,6,Boş,Büyükçekmece,"5,000"
2+1,110,100,16,21 Ve Üzeri,Kombi Doğalgaz,17,Boş,Zeytinburnu,"12,000"
2+1,110,100,17,21 Ve Üzeri,Kombi Doğalgaz,19,Boş,Zeytinburnu,"12,000"
3+1,175,165,1,21 Ve Üzeri,Kombi Doğalgaz,2,Boş,Bakırköy,"27,000"
2+1,81,65,14,5-10,Merkezi (Pay Ölçer),19,Boş,Bağcılar,"11,500"
3+1,150,120,6,11-15,Merkezi (Pay Ölçer),15,Boş,Bağcılar,"18,000"
2+1,85,65,9,5-10,Merkezi (Pay Ölçer),10,Boş,Eyüpsultan,"12,000"
1+1,83,55,7,4,Merkezi (Pay Ölçer),30,Boş,Bağcılar,"10,500"
1+1,65,55,9,0 (Yeni),Merkezi Doğalgaz,16,Boş,Küçükçekmece,"12,000"
1+1,60,50,Yüksek Giriş,5-10,Kombi Doğalgaz,4,Boş,Bahçelievler,"10,000"
5+1,165,150,2,16-20,Kombi Doğalgaz,2,Boş,Beykoz,"3,000"
2+1,100,99,5,5-10,Kombi Doğalgaz,10,Boş,Beylikdüzü,"9,000"
1+1,70,69,5,4,Merkezi (Pay Ölçer),12,Boş,Esenyurt,"6,500"
1.5+1,75,74,4,11-15,Kombi Doğalgaz,4,Boş,Kağıthane,"6,500"
2+1,120,110,Bahçe Katı,5-10,Kombi Doğalgaz,2,Boş,Bakırköy,"30,000"
3+1,144,125,1,5-10,Kombi Doğalgaz,30,Boş,Esenyurt,"8,500"
2+1,85,80,Kot 1 (-1),21 Ve Üzeri,Kombi Doğalgaz,4,Boş,Fatih,"10,000"
2+1,90,85,Yüksek Giriş,11-15,Kombi Doğalgaz,3,Boş,Beykoz,"8,000"
1+1,96,63,9,3,Merkezi (Pay Ölçer),15,Boş,Bakırköy - Ataköy 7-8-9,"18,500"
2+1,140,120,8,4,Merkezi (Pay Ölçer),30,Boş,Sarıyer,"40,000"
2+1,85,80,Bahçe Katı,11-15,Kombi Doğalgaz,4,Boş,Bağcılar,"6,500"
3+1,155,140,5,21 Ve Üzeri,Kombi Doğalgaz,9,Boş,Şişli,"25,000"
3+1,130,115,2,21 Ve Üzeri,Merkezi Doğalgaz,8,Boş,Bakırköy - Ataköy 7-8-9,"14,500"
2+1,75,70,Yüksek Giriş,21 Ve Üzeri,Kombi Doğalgaz,4,Boş,Fatih,"10,000"
Stüdyo,45,35,8,1,Merkezi (Pay Ölçer),11,Boş,Sarıyer,"15,000"
2+1,90,85,1,5-10,Kombi Doğalgaz,5,Boş,Beşiktaş,"13,000"
3+1,135,115,2,1,Merkezi (Pay Ölçer),7,Boş,Başakşehir,"14,000"
Stüdyo,45,40,2,21 Ve Üzeri,Kombi Doğalgaz,5,Boş,Beyoğlu,"11,000"
1+1,60,50,4,21 Ve Üzeri,Kombi Doğalgaz,4,Boş,Şişli,"10,000"
1+1,64,49,5,5-10,Kombi Doğalgaz,9,Kiracı Oturuyor,Sarıyer,"11,500"
3+1,135,115,4,21 Ve Üzeri,Merkezi Doğalgaz,5,Boş,Beşiktaş,"29,000"
2+1,110,70,7,3,Merkezi (Pay Ölçer),25,Boş,Kartal,"14,500"
3+1,130,115,3,21 Ve Üzeri,Kombi Doğalgaz,10,Boş,Ataşehir,"15,000"
1+1,70,65,Çatı Katı,5-10,Kombi Doğalgaz,4,Boş,Şişli,"12,750"
1+1,85,75,23,0 (Yeni),Kombi Doğalgaz,31,Boş,Avcılar,"15,000"
1+1,65,55,Düz Giriş,4,Kombi Doğalgaz,3,Boş,Şile,"5,250"
1+1,95,70,17,4,Yerden Isıtma,24,Boş,Sarıyer,"35,000"
1+1,85,65,7,5-10,Merkezi (Pay Ölçer),20,Boş,Sarıyer,"24,000"
1+1,62,58,11,5-10,Kombi Doğalgaz,12,Boş,Esenyurt,"8,000"
4+1,241,220,6,5-10,Kombi Doğalgaz,6,Boş,Başakşehir,"25,000"
2+1,120,115,26,1,Merkezi (Pay Ölçer),30,Boş,Esenyurt,"11,500"
3+1,155,145,Bahçe Dublex,11-15,Kombi Doğalgaz,4,Boş,Şişli,"17,000"
1+1,87,74,29,5-10,Merkezi (Pay Ölçer),30,Boş,Esenyurt,"7,500"
3+1,130,120,2,11-15,Kombi Doğalgaz,6,Boş,Şişli,"25,000"
4+1,200,190,Müstakil,5-10,Merkezi Doğalgaz,2,Mülk Sahibi Oturuyor,Arnavutköy,"25,000"
1+1,94,65,20,5-10,Merkezi (Pay Ölçer),36,Kiracı Oturuyor,Esenyurt,"5,500"
2+1,100,90,1,16-20,Kombi Doğalgaz,5,Boş,Bahçelievler,"9,000"
2+1,150,120,7,5-10,Merkezi (Pay Ölçer),18,Boş,Başakşehir,"15,750"
Stüdyo,45,35,4,1,Merkezi (Pay Ölçer),14,Boş,Kağıthane,"17,000"
1+1,65,55,Yüksek Giriş,11-15,Kombi Doğalgaz,4,Boş,Şişli,"8,500"
2+1,120,100,Düz Giriş,16-20,Sobalı,4,Boş,Ataşehir,"3,750"
Stüdyo,48,35,4,2,Merkezi (Pay Ölçer),15,Boş,Kağıthane,"18,000"
3+1,106,105,2,21 Ve Üzeri,Kombi Doğalgaz,5,Boş,Şişli,"18,000"
3+1,168,136,10,1,Kombi Doğalgaz,19,Boş,Avcılar,"30,000"
4+1,230,220,Bahçe Katı,11-15,Kombi Doğalgaz,8,Boş,Büyükçekmece,"25,000"
2+1,100,85,Bahçe Katı,16-20,Kombi Doğalgaz,3,Boş,Şile,"8,000"
2+1,130,110,4,4,Merkezi (Pay Ölçer),4,Boş,Sarıyer,"37,500"
1+1,75,60,8,1,Kombi Doğalgaz,15,Boş,Esenyurt,"13,000"
3+1,120,105,3,5-10,Kombi Doğalgaz,5,Boş,Maltepe,"10,000"
1+1,93,80,17,5-10,Kombi Doğalgaz,18,Kiracı Oturuyor,Küçükçekmece,"13,000"
5+1,350,349,Düz Giriş,21 Ve Üzeri,Kombi Doğalgaz,4,Mülk Sahibi Oturuyor,Büyükçekmece,"45,000"
3+1,145,135,3,21 Ve Üzeri,Merkezi Doğalgaz,3,Mülk Sahibi Oturuyor,Bakırköy - Ataköy 2-5,"30,000"
5+1,520,375,Düz Giriş,11-15,Kombi Doğalgaz,3,Boş,Beylikdüzü,"25,000"
2+1,75,70,4,11-15,Kombi Doğalgaz,11,Boş,Küçükçekmece,"10,000"
2+1,95,85,4,0 (Yeni),Merkezi (Pay Ölçer),15,Boş,Zeytinburnu,"20,000"
4+1,300,280,Düz Giriş,11-15,Kombi Doğalgaz,3,Boş,Beylikdüzü,"29,000"
1+1,65,55,2,5-10,Kombi Doğalgaz,4,Boş,Ataşehir,"9,000"
3+1,175,134,16,2,Merkezi (Pay Ölçer),27,Boş,Başakşehir,"26,000"
2+1,110,90,6,21 Ve Üzeri,Merkezi Doğalgaz,14,Boş,Bakırköy - Ataköy 2-5,"17,500"
1+1,87,77,14,5-10,Merkezi (Pay Ölçer),30,Boş,Esenyurt,"15,000"
2+1,125,110,Bahçe Katı,4,Kombi Doğalgaz,4,Boş,Ataşehir,"10,000"
3+1,175,150,8,5-10,Kombi Doğalgaz,12,Boş,Başakşehir,"15,000"
3+1,125,95,6,3,Merkezi (Pay Ölçer),11,Boş,Kadıköy,"22,000"
1+1,60,55,8,21 Ve Üzeri,Merkezi Doğalgaz,16,Boş,Küçükçekmece,"8,000"
1+1,75,60,21,1,Merkezi (Pay Ölçer),30,Boş,Bağcılar,"12,500"
2+1,85,80,Yüksek Giriş,5-10,Merkezi (Pay Ölçer),10,Boş,Başakşehir,"11,500"
2+1,85,72,9,5-10,Merkezi Doğalgaz,10,Boş,Esenyurt,"7,500"
2+1,128,80,12,5-10,Merkezi (Pay Ölçer),30,Boş,Kartal,"13,000"
1+1,100,80,21,2,Merkezi (Pay Ölçer),30,Boş,Şişli,"35,000"
3+1,160,145,4,21 Ve Üzeri,Kombi Doğalgaz,6,Boş,Avcılar,"9,000"
1+1,95,90,Bahçe Katı,11-15,Kombi Doğalgaz,4,Mülk Sahibi Oturuyor,Beylikdüzü,"6,750"
2+1,90,81,3,21 Ve Üzeri,Kombi Doğalgaz,5,Boş,Fatih,"9,000"
1+1,65,55,4,5-10,Kombi Doğalgaz,5,Boş,Sancaktepe,"9,500"
1+1,68,33,Bahçe Katı,3,Merkezi (Pay Ölçer),17,Boş,Zeytinburnu,"11,000"
2+1,100,95,1,21 Ve Üzeri,Kombi Doğalgaz,5,Boş,Bahçelievler,"9,000"
1+1,75,50,Bahçe Katı,5-10,Merkezi (Pay Ölçer),12,Boş,Esenyurt,"10,000"
1+1,70,63,28,5-10,Kombi Doğalgaz,30,Boş,Esenyurt,"7,000"
3+1,128,100,14,5-10,Merkezi (Pay Ölçer),30,Boş,Sarıyer,"28,000"
1+1,80,65,5,4,Kombi Doğalgaz,5,Boş,Çekmeköy,"7,500"
1+1,86,58,14,5-10,Yerden Isıtma,20,Boş,Sarıyer,"20,000"
1+1,70,55,13,5-10,Merkezi (Pay Ölçer),20,Boş,Sarıyer,"18,000"
1+1,65,50,15,1,Merkezi (Pay Ölçer),17,Boş,Sarıyer,"18,000"
1+1,81,55,9,5-10,Yerden Isıtma,19,Boş,Sarıyer,"22,500"
2+1,178,135,8,5-10,Merkezi (Pay Ölçer),30,Boş,Avcılar,"20,000"
2+1,85,75,Düz Giriş,5-10,Kombi Doğalgaz,5,Boş,Şişli,"24,000"
3+1,152,141,4,11-15,Kombi Doğalgaz,8,Mülk Sahibi Oturuyor,Maltepe,"19,500"
2+1,90,85,1,21 Ve Üzeri,Kombi Doğalgaz,5,Kiracı Oturuyor,Bahçelievler,"8,000"
1+1,80,70,2,21 Ve Üzeri,Kombi Doğalgaz,3,Boş,Avcılar,"7,000"
2+1,85,80,1,11-15,Kombi Doğalgaz,4,Boş,Büyükçekmece,"4,000"
1+1,87,64,12,5-10,Merkezi (Pay Ölçer),30,Boş,Sarıyer,"22,000"
2+1,115,85,Düz Giriş,2,Merkezi (Pay Ölçer),13,Boş,Sarıyer,"34,000"
3+1,160,130,13,2,Merkezi (Pay Ölçer),13,Boş,Sarıyer,"44,500"
3+1,120,100,Müstakil,16-20,Kombi Doğalgaz,1,Boş,Sarıyer,"10,000"
2+1,90,80,Bahçe Katı,3,Kombi Doğalgaz,5,Boş,Bahçelievler,"7,000"
3+1,120,110,4,21 Ve Üzeri,Kombi Doğalgaz,5,Boş,Bahçelievler,"10,000"
1+1,73,54,13,1,Merkezi Doğalgaz,15,Boş,Bakırköy - Ataköy 7-8-9,"20,000"
Stüdyo,60,50,2,11-15,Merkezi Doğalgaz,15,Boş,Esenyurt,"5,000"
2+1,120,105,20,5-10,Merkezi Doğalgaz,29,Boş,Esenyurt,"8,500"
1+1,76,70,16,5-10,Merkezi (Pay Ölçer),18,Kiracı Oturuyor,Küçükçekmece,"12,500"
4+1,194,170,6,5-10,Kombi Doğalgaz,8,Boş,Başakşehir,"24,500"
2+1,95,85,9,5-10,Merkezi (Pay Ölçer),16,Boş,Bayrampaşa,"18,500"
1+1,60,55,7,5-10,Merkezi (Pay Ölçer),13,Boş,Bayrampaşa,"10,000"
1+1,70,60,7,5-10,Merkezi (Pay Ölçer),18,Boş,Bayrampaşa,"15,000"
4+1,160,130,3,11-15,Kombi Doğalgaz,4,Boş,Kartal,"11,000"
4+1,138,120,Bahçe Katı,5-10,Kombi Doğalgaz,3,Boş,Beykoz,"16,000"
1+1,75,70,Tam Bodrum,16-20,Kombi Doğalgaz,4,Boş,Sarıyer,"14,000"
2+1,85,70,4,5-10,Merkezi (Pay Ölçer),10,Boş,Başakşehir,"11,000"
2+1,90,85,8,4,Merkezi (Pay Ölçer),12,Boş,Başakşehir,"17,000"
2+1,110,100,1,16-20,Kombi Doğalgaz,5,Boş,Bahçelievler,"16,000"
2+1,86,70,2,4,Merkezi (Pay Ölçer),11,Boş,Büyükçekmece,"9,500"
1+1,75,55,7,2,Merkezi Doğalgaz,22,Boş,Bağcılar,"10,000"
2+1,95,85,Yarı Bodrum,0 (Yeni),Kombi Doğalgaz,5,Boş,Bayrampaşa,"10,000"
2+1,90,80,Bahçe Katı,16-20,Kombi Doğalgaz,5,Boş,Bağcılar,"6,200"
1 Oda,55,50,2,4,Klimalı,3,Boş,Esenyurt,"3,000"
1+1,80,65,5,4,Kombi Doğalgaz,5,Boş,Çekmeköy,"7,500"
3+1,125,115,5,21 Ve Üzeri,Doğalgaz Sobalı,5,Boş,Bahçelievler,"7,500"
3+1,180,160,3,21 Ve Üzeri,Kombi Doğalgaz,5,Boş,Avcılar,"12,000"
2+1,90,87,2,16-20,Kombi Doğalgaz,3,Boş,Küçükçekmece,"7,000"
3+1,135,130,4,11-15,Kombi Doğalgaz,4,Boş,Tuzla,"10,000"
2+1,90,75,3,21 Ve Üzeri,Isıtma Yok,4,Boş,Büyükçekmece,"8,500"
2+1,90,80,Düz Giriş,11-15,Doğalgaz Sobalı,5,Boş,Sultangazi,"5,000"
1+1,90,70,21,5-10,Merkezi (Pay Ölçer),35,Boş,Şişli,"25,000"
3+1,125,100,2,21 Ve Üzeri,Kombi Doğalgaz,5,Boş,Bahçelievler,"8,500"
1+1,60,50,3,5-10,Merkezi (Pay Ölçer),11,Boş,Sancaktepe,"10,500"
2+1,95,85,2,21 Ve Üzeri,Kombi Doğalgaz,5,Boş,Bahçelievler,"9,000"
2+1,108,84,2,5-10,Yerden Isıtma,17,Mülk Sahibi Oturuyor,Kağıthane,"18,500"
2+1,220,200,5,21 Ve Üzeri,Kombi Doğalgaz,5,Boş,Kağıthane,"20,000"
1+1,95,61,36,2,Yerden Isıtma,36,Boş,Şişli,"40,000"
1+1,84,65,4,5-10,Yerden Isıtma,15,Boş,Sarıyer,"25,000"
2+1,75,70,2,5-10,Yerden Isıtma,3,Mülk Sahibi Oturuyor,Kağıthane,"14,500"
1+1,69,40,10,5-10,Merkezi (Pay Ölçer),12,Boş,Kağıthane,"10,000"
3+1,170,130,11,5-10,Merkezi (Pay Ölçer),30,Boş,Sarıyer,"36,000"
1+1,75,55,15,1,Merkezi (Pay Ölçer),17,Boş,Sarıyer,"18,000"
3+1,122,105,3,5-10,Merkezi (Pay Ölçer),7,Mülk Sahibi Oturuyor,Başakşehir,"10,000"
3+1,160,140,Düz Giriş,11-15,Kombi Doğalgaz,2,Boş,Şile,"8,800"
2+1,117,92,4,5-10,Merkezi (Pay Ölçer),8,Boş,Başakşehir,"18,000"
1+1,70,55,Düz Giriş,21 Ve Üzeri,Sobalı,1,Boş,Maltepe,"4,500"
2+1,115,105,1,21 Ve Üzeri,Kombi Doğalgaz,6,Boş,Arnavutköy,"12,000"
2+1,100,90,2,5-10,Kombi Doğalgaz,6,Boş,Kağıthane,"12,000"
2+1,95,90,3,0 (Yeni),Kombi Doğalgaz,4,Boş,Avcılar,"8,000"
2.5+1,100,90,Bahçe Katı,16-20,Kombi Doğalgaz,4,Boş,Küçükçekmece,"7,500"
1+1,70,60,3,21 Ve Üzeri,Kombi Doğalgaz,3,Boş,Üsküdar,"9,750"
1+1,65,53,Yüksek Giriş,0 (Yeni),Kombi Doğalgaz,4,Boş,Kartal,"7,000"
5+1,1.000,450,Düz Giriş,5-10,Kombi Doğalgaz,2,Boş,Silivri,"20,000"
1+1,60,55,2,11-15,Kombi Doğalgaz,6,Boş,Şişli,"11,950"
Stüdyo,57,50,5,1,Merkezi (Pay Ölçer),29,Boş,Kartal,"9,000"
4+1,232,215,1,5-10,Kombi Doğalgaz,6,Boş,Başakşehir,"27,000"
2+1,140,100,10,1,Merkezi (Pay Ölçer),27,Boş,Başakşehir,"11,000"
1+1,78,75,5,5-10,Merkezi (Pay Ölçer),10,Boş,Başakşehir,"10,000"
2+1,90,75,Yüksek Giriş,5-10,Merkezi (Pay Ölçer),15,Boş,Esenyurt,"8,350"
2+1,120,110,5,21 Ve Üzeri,Doğalgaz Sobalı,5,Boş,Küçükçekmece,"5,750"
2+1,80,75,Çatı Katı,11-15,Kombi Doğalgaz,3,Boş,Eyüpsultan,"8,000"
3+1,116,90,1,21 Ve Üzeri,Kombi Doğalgaz,5,Boş,Tuzla,"8,500"
3+1,110,105,4,16-20,Kombi Doğalgaz,4,Boş,Küçükçekmece,"7,250"
2+1,145,102,3,2,Yerden Isıtma,15,Mülk Sahibi Oturuyor,Sarıyer,"40,000"
2+1,75,65,Kot 1 (-1),5-10,Kombi Doğalgaz,3,Boş,Kağıthane,"11,000"
4+1,230,200,1,4,Merkezi (Pay Ölçer),10,Boş,Başakşehir,"45,000"
2+1,140,86,21,0 (Yeni),Merkezi (Pay Ölçer),45,Boş,Esenyurt,"45,000"
2+1,100,90,11,0 (Yeni),Kombi Doğalgaz,25,Boş,Avcılar,"18,000"
2+1,110,95,Bahçe Katı,5-10,Merkezi Doğalgaz,4,Kiracı Oturuyor,Esenyurt,"4,000"
2+1,100,90,18,4,Merkezi (Pay Ölçer),20,Boş,Başakşehir,"25,000"
2+1,80,75,2,0 (Yeni),Kombi Doğalgaz,10,Boş,Tuzla,"6,200"
3+1,130,110,1,5-10,Kombi Doğalgaz,6,Boş,Büyükçekmece,"15,000"
1+1,86,74,3,21 Ve Üzeri,Merkezi Doğalgaz,3,Boş,Bakırköy - Ataköy 7-8-9,"15,500"
2+1,80,70,Yüksek Giriş,5-10,Kombi Doğalgaz,5,Kiracı Oturuyor,Kağıthane,"15,000"
1+1,95,75,4,21 Ve Üzeri,Kombi Doğalgaz,6,Boş,Şişli,"15,000"
2+1,125,100,18,5-10,Merkezi (Pay Ölçer),18,Boş,Bayrampaşa,"17,000"
2+1,105,95,7,3,Kombi Doğalgaz,9,Boş,Kadıköy,"23,000"
1+1,90,65,30-40,1,Merkezi (Pay Ölçer),30,Boş,Ataşehir,"25,000"
3+1,145,135,8,11-15,Kombi Doğalgaz,9,Boş,Beylikdüzü,"12,000"
Stüdyo,34,15,2,11-15,Merkezi Doğalgaz,6,Boş,Beyoğlu,"6,000"
2+1,105,85,4,5-10,Merkezi (Pay Ölçer),9,Boş,Başakşehir,"15,000"
2+1,123,80,18,5-10,Merkezi (Pay Ölçer),29,Boş,Maltepe,"28,000"
1+1,70,48,10,2,Merkezi (Pay Ölçer),22,Boş,Başakşehir,"7,000"
1+1,70,50,9,4,Merkezi (Pay Ölçer),22,Boş,Başakşehir,"8,000"
2+1,110,100,17,5-10,Kombi Doğalgaz,22,Boş,Esenyurt,"8,000"
1+1,70,60,5,3,Kombi Doğalgaz,5,Boş,Maltepe,"7,500"
2+1,90,80,Düz Giriş,5-10,Kombi Doğalgaz,5,Boş,Maltepe,"8,200"
2+1,140,130,Düz Giriş,16-20,Kombi Doğalgaz,2,Boş,Üsküdar,"24,000"
4+1,160,130,Düz Giriş,11-15,Kombi Doğalgaz,1,Mülk Sahibi Oturuyor,Sultanbeyli,"9,500"
2+1,132,115,9,4,Yerden Isıtma,13,Boş,Büyükçekmece,"9,500"
3+1,150,100,5,4,Merkezi (Pay Ölçer),15,Boş,Başakşehir,"17,000"
1+1,75,70,12,5-10,Kombi Doğalgaz,13,Boş,Avcılar,"10,000"
3+1,140,120,4,11-15,Kombi Doğalgaz,5,Mülk Sahibi Oturuyor,Kartal,"18,000"
1+1,60,50,9,11-15,Merkezi Doğalgaz,12,Boş,Küçükçekmece,"9,000"
3+1,110,100,Bahçe Katı,2,Kombi Doğalgaz,4,Boş,Başakşehir,"6,500"
1+1,70,60,12,5-10,Isıtma Yok,18,Boş,Sarıyer,"35,000"
1+1,60,50,4,1,Kombi Doğalgaz,4,Boş,Ataşehir,"12,500"
1+1,72,65,13,4,Merkezi (Pay Ölçer),17,Boş,Esenyurt,"6,000"
2+1,100,90,3,11-15,Kombi Doğalgaz,4,Boş,Şile,"9,000"
2+1,115,105,6,21 Ve Üzeri,Kombi Doğalgaz,7,Boş,Şişli,"15,000"
2+1,120,110,4,16-20,Kombi Doğalgaz,5,Boş,Büyükçekmece,"5,800"
4+1,180,170,4,5-10,Kombi Doğalgaz,12,Boş,Çekmeköy,"16,000"
3+1,154,136,15,16-20,Kombi Doğalgaz,15,Boş,Beylikdüzü,"15,000"
2+1,100,90,2,16-20,Kombi Doğalgaz,4,Boş,Şile,"6,000"
1+1,55,50,3,5-10,Kombi Doğalgaz,15,Boş,Beylikdüzü,"8,000"
3+1,160,120,4,21 Ve Üzeri,Merkezi Doğalgaz,8,Boş,Kadıköy,"12,500"
1+1,100,85,7,4,Merkezi (Pay Ölçer),30,Boş,Esenyurt,"6,000"
2+0,75,65,Müstakil,21 Ve Üzeri,Kombi Doğalgaz,2,Boş,Fatih,"15,000"
3+1,140,130,9,4,Kombi Doğalgaz,11,Boş,Esenyurt,"8,500"
2+1,114,100,10,5-10,Merkezi (Pay Ölçer),15,Boş,Küçükçekmece,"10,000"
4+1,192,179,7,11-15,Merkezi (Pay Ölçer),16,Mülk Sahibi Oturuyor,Küçükçekmece,"23,000"
4+1,211,145,1,4,Merkezi (Pay Ölçer),11,Mülk Sahibi Oturuyor,Başakşehir,"40,000"
1+1,65,64,Düz Giriş,11-15,Kombi Doğalgaz,10,Boş,Kadıköy,"12,000"
2+1,80,70,2,5-10,Kombi Doğalgaz,5,Boş,Kağıthane,"10,000"
3+1,110,100,5,4,Kombi Doğalgaz,5,Boş,Çekmeköy,"10,000"
3+1,195,180,Düz Giriş,5-10,Kombi Doğalgaz,4,Boş,Beylikdüzü,"25,000"
3+1,195,180,Düz Giriş,5-10,Kombi Doğalgaz,4,Boş,Beylikdüzü,"25,000"
3+1,150,140,2,21 Ve Üzeri,Kombi Doğalgaz,5,Boş,Kağıthane,"16,500"
3+1,120,105,1,21 Ve Üzeri,Kombi Doğalgaz,15,Boş,Büyükçekmece,"9,000"
2+1,85,65,9,5-10,Merkezi (Pay Ölçer),10,Boş,Eyüpsultan,"12,000"
2+1,120,100,Yüksek Giriş,2,Merkezi Doğalgaz,5,Boş,Beylikdüzü,"10,000"
2+1,100,90,Bahçe Katı,11-15,Kombi Doğalgaz,4,Boş,Şile,"8,250"
3+1,150,135,6,11-15,Merkezi Doğalgaz,10,Mülk Sahibi Oturuyor,Esenyurt,"10,000"
3+1,130,120,Villa Tipi,16-20,Kombi Doğalgaz,2,Boş,Şile,"8,000"
1+1,70,50,11,2,Merkezi (Pay Ölçer),25,Boş,Kadıköy,"17,000"
3+1,140,125,1,5-10,Kombi Doğalgaz,5,Boş,Beylikdüzü,"10,000"
3+1,140,136,15,16-20,Merkezi Doğalgaz,15,Boş,Beylikdüzü,"15,000"
3+1,168,136,10,1,Kombi Doğalgaz,19,Boş,Avcılar,"35,000"
3+1,155,150,5,21 Ve Üzeri,Kombi Doğalgaz,6,Boş,Beykoz,"5,000"
4+1,140,130,3,21 Ve Üzeri,Kombi Doğalgaz,5,Boş,Fatih,"12,500"
1+1,40,35,Müstakil,0 (Yeni),Kombi Doğalgaz,1,Boş,Sarıyer,"9,000"
2+1,95,80,Düz Giriş,2,Kombi Doğalgaz,4,Mülk Sahibi Oturuyor,Bakırköy,"30,000"
2+1,120,80,12,2,Merkezi (Pay Ölçer),23,Mülk Sahibi Oturuyor,Kartal,"18,250"
5+2,360,330,Bahçe Katı,11-15,Kombi Doğalgaz,4,Boş,Başakşehir,"40,000"
2+1,115,95,6,21 Ve Üzeri,Kombi Doğalgaz,6,Boş,Küçükçekmece,"8,000"
1+1,55,50,Düz Giriş,5-10,Kombi Doğalgaz,4,Boş,Ataşehir,"8,000"
2+1,120,100,Villa Tipi,11-15,Kombi Doğalgaz,2,Boş,Şile,"7,900"
1 Oda,55,50,2,5-10,Kombi Doğalgaz,5,Boş,Avcılar,"3,500"
2+1,120,110,3,11-15,Kombi Doğalgaz,5,Kiracı Oturuyor,Şişli,"14,000"
2+1,100,85,4,21 Ve Üzeri,Kombi Doğalgaz,5,Boş,Bahçelievler,"8,500"
2+1,130,120,4,4,Kombi Doğalgaz,6,Kiracı Oturuyor,Esenyurt,"10,000"
3+1,140,130,1,21 Ve Üzeri,Kombi Doğalgaz,5,Boş,Bahçelievler,"12,000"
2+1,95,90,1,4,Kombi Doğalgaz,5,Mülk Sahibi Oturuyor,Esenyurt,"6,500"
2+1,85,80,2,21 Ve Üzeri,Kombi Doğalgaz,3,Boş,Büyükçekmece,"10,000"
2+1,95,85,5,5-10,Kombi Doğalgaz,5,Boş,Sultangazi,"8,000"
4+1,180,160,Çatı Dubleks,5-10,Kombi Doğalgaz,3,Boş,Zeytinburnu,"18,000"
3+1,100,95,3,21 Ve Üzeri,Yerden Isıtma,5,Boş,Tuzla,"6,500"
2+1,80,70,1,21 Ve Üzeri,Kombi Doğalgaz,4,Boş,Beykoz,"15,000"
3+1,120,105,1,21 Ve Üzeri,Kombi Doğalgaz,10,Boş,Büyükçekmece,"9,000"
2+1,130,120,Bahçe Dublex,3,Kombi Doğalgaz,4,Boş,Küçükçekmece,"13,000"
3+1,160,150,1,4,Kombi Doğalgaz,4,Boş,Avcılar,"11,000"
2+1,110,90,12,1,Merkezi (Pay Ölçer),16,Boş,Kağıthane,"18,750"
2+1,90,85,2,4,Kombi Doğalgaz,5,Boş,Kağıthane,"9,500"
2+1,75,70,Yüksek Giriş,21 Ve Üzeri,Kombi Doğalgaz,4,Boş,Fatih,"10,000"
2+1,75,70,Yüksek Giriş,21 Ve Üzeri,Kombi Doğalgaz,4,Boş,Fatih,"10,000"
1+1,69,53,3,2,Yerden Isıtma,14,Boş,Sarıyer,"30,000"
1+1,80,70,5,2,Kombi Doğalgaz,6,Boş,Küçükçekmece,"11,000"
2+1,100,80,5,1,Kombi Doğalgaz,5,Boş,Beyoğlu,"13,000"
2+1,130,110,4,4,Merkezi (Pay Ölçer),10,Boş,Kağıthane,"32,000"
1+1,85,75,7,5-10,Merkezi (Pay Ölçer),25,Boş,Esenyurt,"6,000"
4+1,180,140,Düz Giriş,4,Merkezi (Pay Ölçer),5,Mülk Sahibi Oturuyor,Başakşehir,"27,000"
5+1,397,320,Villa Tipi,16-20,Kombi Doğalgaz,4,Boş,Tuzla,"19,500"
2+1,100,95,2,16-20,Kombi Doğalgaz,4,Mülk Sahibi Oturuyor,Avcılar,"9,000"
4+2,270,240,Müstakil,21 Ve Üzeri,Merkezi Doğalgaz,4,Boş,Beykoz,"27,000"
2+1,100,96,8,5-10,Merkezi (Pay Ölçer),8,Boş,Pendik,"15,000"
2+1,85,75,2,4,Kombi Doğalgaz,20,Boş,Kağıthane,"14,500"
Stüdyo,50,45,Düz Giriş,16-20,Kombi Doğalgaz,4,Boş,Şişli,"8,000"
3+1,125,120,2,11-15,Kombi Doğalgaz,6,Boş,Silivri,"6,500"
2+1,85,80,2,21 Ve Üzeri,Kombi Doğalgaz,6,Kiracı Oturuyor,Şişli,"16,000"
3+1,135,115,2,21 Ve Üzeri,Merkezi Doğalgaz,5,Boş,Kadıköy,"15,000"
1+1,75,55,12,4,Merkezi (Pay Ölçer),20,Boş,Sarıyer,"25,000"
1+1,75,65,9,5-10,Merkezi (Pay Ölçer),28,Boş,Küçükçekmece,"12,500"
2+1,85,75,8,5-10,Merkezi (Pay Ölçer),9,Boş,Başakşehir,"13,000"
3+1,135,115,3,11-15,Kombi Doğalgaz,4,Boş,Kadıköy,"15,000"
1+1,70,50,11,2,Merkezi (Pay Ölçer),24,Boş,Kadıköy,"17,000"
Stüdyo,25,20,Yarı Bodrum,4,Klimalı,4,Boş,Fatih,"4,000"
2+1,85,75,2,21 Ve Üzeri,Kombi Doğalgaz,4,Boş,Büyükçekmece,"7,500"
4+2,320,300,Müstakil,5-10,Kombi Doğalgaz,2,Boş,Büyükçekmece,"16,000"
2+1,98,75,9,11-15,Merkezi (Pay Ölçer),11,Boş,Sancaktepe,"15,000"
3+1,130,100,3,21 Ve Üzeri,Merkezi Doğalgaz,6,Boş,Kadıköy,"15,000"
2+1,110,90,3,3,Merkezi (Pay Ölçer),11,Boş,Kadıköy,"18,000"
3+1,135,120,5,21 Ve Üzeri,Kombi Doğalgaz,6,Boş,Kadıköy,"19,000"
2+1,95,85,5,21 Ve Üzeri,Kombi Doğalgaz,5,Boş,Bahçelievler,"8,500"
1+1,85,65,14,1,Merkezi Doğalgaz,18,Boş,Sarıyer,"25,000"
2+1,125,101,6,2,Merkezi Doğalgaz,12,Boş,Sarıyer,"35,000"
3+1,225,155,9,3,Merkezi (Pay Ölçer),9,Boş,Pendik,"19,000"
1+1,67,47,9,5-10,Merkezi (Pay Ölçer),14,Boş,Esenyurt,"6,000"
1+1,90,80,Çatı Katı,3,Kombi Doğalgaz,4,Boş,Beylikdüzü,"6,500"
3+1,140,120,1,21 Ve Üzeri,Merkezi Doğalgaz,4,Boş,Avcılar,"9,000"
1+1,95,85,30,5-10,Merkezi (Pay Ölçer),30,Boş,Esenyurt,"7,000"
1+1,50,30,4,4,Merkezi Doğalgaz,14,Boş,Kağıthane,"13,000"
1+1,70,60,22,5-10,Kombi Doğalgaz,25,Boş,Esenyurt,"7,000"
1+1,70,50,Bahçe Katı,21 Ve Üzeri,Sobalı,1,Boş,Maltepe,"4,500"
3+1,138,122,3,5-10,Merkezi (Pay Ölçer),15,Boş,Küçükçekmece,"16,500"
2+1,85,75,2,5-10,Merkezi (Pay Ölçer),14,Boş,Başakşehir,"11,000"
2.5+1,125,90,8,1,Merkezi Doğalgaz,13,Boş,Kağıthane,"35,000"
1+1,85,65,9,5-10,Merkezi Doğalgaz,30,Boş,Sarıyer,"25,000"
5+2,370,320,Düz Giriş,21 Ve Üzeri,Kombi Doğalgaz,4,Mülk Sahibi Oturuyor,Esenyurt,"28,000"
3+1,200,150,Düz Giriş,5-10,Kombi Doğalgaz,2,Boş,Şile,"12,000"
2+1,90,80,4,5-10,Kombi Doğalgaz,4,Boş,Beylikdüzü,"12,500"
3+1,130,120,2,16-20,Kombi Doğalgaz,2,Boş,Sarıyer,"16,000"
2+1,90,80,3,21 Ve Üzeri,Kombi Doğalgaz,4,Boş,Fatih,"7,000"
5+2,350,330,Müstakil,5-10,Kombi Doğalgaz,3,Boş,Büyükçekmece,"28,000"
5+2,350,330,Müstakil,5-10,Kombi Doğalgaz,3,Boş,Büyükçekmece,"28,000"
1 Oda,40,30,3,5-10,Merkezi Doğalgaz,4,Boş,Fatih,"6,000"
3+1,170,140,10,11-15,Kombi Doğalgaz,13,Boş,Ataşehir,"34,000"
5+2,200,180,Çatı Dubleks,5-10,Kombi Doğalgaz,5,Boş,Beylikdüzü,"15,000"
2+1,95,85,4,21 Ve Üzeri,Kombi Doğalgaz,5,Boş,Şile,"6,000"
1+1,70,60,2,1,Kombi Doğalgaz,4,Boş,Çekmeköy,"15,950"
3+1,125,100,2,2,Yerden Isıtma,4,Boş,Üsküdar,"27,500"
3+1,130,110,Düz Giriş,4,Merkezi Doğalgaz,6,Boş,Şişli,"45,000"
2+1,145,130,2,5-10,Kombi Doğalgaz,5,Boş,Esenyurt,"11,500"
2+1,90,80,2,5-10,Kombi Doğalgaz,17,Boş,Avcılar,"13,000"
1+1,45,35,9,1,Merkezi (Pay Ölçer),17,Boş,Kağıthane,"20,000"
3+1,142,110,7,5-10,Merkezi (Pay Ölçer),13,Boş,Esenyurt,"14,000"
1+1,75,70,3,2,Kombi Doğalgaz,3,Mülk Sahibi Oturuyor,Şişli,"8,000"
2+1,78,72,3,5-10,Kombi Doğalgaz,5,Mülk Sahibi Oturuyor,Şişli,"10,000"
2+1,75,70,3,5-10,Kombi Doğalgaz,4,Mülk Sahibi Oturuyor,Şişli,"10,000"
2+1,100,80,3,5-10,Kombi Doğalgaz,5,Mülk Sahibi Oturuyor,Şişli,"10,000"
2+1,80,70,1,5-10,Kombi Doğalgaz,5,Mülk Sahibi Oturuyor,Şişli,"13,000"
2+1,100,90,2,3,Kombi Doğalgaz,4,Mülk Sahibi Oturuyor,Şişli,"12,500"
2+1,75,65,3,11-15,Kombi Doğalgaz,4,Mülk Sahibi Oturuyor,Şişli,"10,000"
2+1,100,90,3,5-10,Kombi Doğalgaz,4,Mülk Sahibi Oturuyor,Şişli,"10,000"
2+1,65,60,4,5-10,Kombi Doğalgaz,4,Mülk Sahibi Oturuyor,Şişli,"8,500"
2+1,75,65,3,5-10,Kombi Doğalgaz,4,Mülk Sahibi Oturuyor,Şişli,"10,000"
2+1,85,80,2,3,Kombi Doğalgaz,3,Mülk Sahibi Oturuyor,Şişli,"11,000"
1+1,75,70,3,3,Kombi Doğalgaz,5,Mülk Sahibi Oturuyor,Şişli,"12,000"
Stüdyo,40,30,Kot 2 (-2),2,Kombi Doğalgaz,6,Mülk Sahibi Oturuyor,Şişli,"7,000"
1+1,52,40,Bahçe Katı,2,Kombi Doğalgaz,7,Mülk Sahibi Oturuyor,Şişli,"7,000"
2+1,72,68,4,5-10,Kombi Doğalgaz,5,Mülk Sahibi Oturuyor,Şişli,"8,500"
2+1,70,65,4,1,Kombi Doğalgaz,5,Mülk Sahibi Oturuyor,Şişli,"8,500"
2+1,70,65,4,1,Kombi Doğalgaz,5,Mülk Sahibi Oturuyor,Şişli,"8,500"
1+1,55,45,Çatı Katı,0 (Yeni),Kombi Doğalgaz,3,Mülk Sahibi Oturuyor,Ataşehir,"7,250"
Stüdyo,60,45,Bahçe Katı,4,Merkezi (Pay Ölçer),30,Mülk Sahibi Oturuyor,Sarıyer,"29,000"
Stüdyo,60,50,Bahçe Katı,4,Merkezi (Pay Ölçer),60,Mülk Sahibi Oturuyor,Sarıyer,"29,000"
2+1,100,90,4,5-10,Kombi Doğalgaz,5,Boş,Kağıthane,"12,000"
3+1,120,110,3,16-20,Kombi Doğalgaz,5,Boş,Başakşehir,"10,500"
2+1,90,80,2,11-15,Kombi Doğalgaz,3,Boş,Avcılar,"11,000"
1+1,50,40,1,11-15,Merkezi (Pay Ölçer),4,Boş,Ataşehir,"13,000"
1+1,75,70,3,16-20,Kombi Doğalgaz,3,Boş,Avcılar,"7,000"
3+1,145,130,3,21 Ve Üzeri,Kombi Doğalgaz,4,Mülk Sahibi Oturuyor,Bahçelievler,"8,500"
2+1,110,90,Bahçe Katı,5-10,Kombi Doğalgaz,5,Mülk Sahibi Oturuyor,Esenyurt,"4,750"
2+1,115,75,15,4,Merkezi (Pay Ölçer),20,Mülk Sahibi Oturuyor,Başakşehir,"22,000"
2+1,148,101,2,4,Merkezi (Pay Ölçer),22,Mülk Sahibi Oturuyor,Gaziosmanpaşa,"19,500"
1+1,92,61,7,4,Merkezi (Pay Ölçer),26,Mülk Sahibi Oturuyor,Gaziosmanpaşa,"14,500"
2+1,100,90,3,5-10,Kombi Doğalgaz,6,Mülk Sahibi Oturuyor,Pendik,"15,000"
4+2,220,180,2,21 Ve Üzeri,Kombi Doğalgaz,4,Mülk Sahibi Oturuyor,Beyoğlu,"35,000"
3+1,150,120,4,1,Kombi Doğalgaz,5,Mülk Sahibi Oturuyor,Beylikdüzü,"34,000"
3+1,185,145,4,16-20,Kombi Doğalgaz,11,Mülk Sahibi Oturuyor,Şişli,"45,000"
5+2,230,194,2,11-15,Kombi Doğalgaz,3,Mülk Sahibi Oturuyor,Büyükçekmece,"21,880"
1+1,65,55,1,4,Kombi Doğalgaz,5,Mülk Sahibi Oturuyor,Şişli,"9,000"
2+1,80,70,Bahçe Katı,11-15,Kombi Doğalgaz,3,Mülk Sahibi Oturuyor,Avcılar,"7,000"
1+1,75,70,Müstakil,21 Ve Üzeri,Kombi Doğalgaz,2,Mülk Sahibi Oturuyor,Sarıyer,"18,000"
3+1,100,95,3,16-20,Boş,Kombi Doğalgaz,İkinci El,Fatih,"40,250"
3+1,185,165,14,16-20,Kombi Doğalgaz,15,Mülk Sahibi Oturuyor,Beylikdüzü,"17,000"
1+1,90,80,3,5-10,Kombi Doğalgaz,4,Mülk Sahibi Oturuyor,Çekmeköy,"11,000"
2+1,95,85,Düz Giriş,21 Ve Üzeri,Kombi Doğalgaz,5,Boş,Ataşehir,"12,000"
4+2,280,250,5,5-10,Kombi Doğalgaz,5,Mülk Sahibi Oturuyor,Maltepe,"3,500"
2+1,95,94,4,0 (Yeni),Merkezi (Pay Ölçer),14,Boş,Zeytinburnu,"21,000"
2+1,95,94,6,0 (Yeni),Merkezi (Pay Ölçer),14,Boş,Zeytinburnu,"20,000"
2+1,95,94,5,0 (Yeni),Merkezi (Pay Ölçer),14,Boş,Zeytinburnu,"20,000"
1+1,75,62,15,4,Merkezi (Pay Ölçer),30,Mülk Sahibi Oturuyor,Esenyurt,"9,100"
4+1,155,115,Düz Giriş,5-10,Doğalgaz Sobalı,2,Mülk Sahibi Oturuyor,Şile,"9,000"
4+1,228,202,Düz Giriş,0 (Yeni),Kombi Doğalgaz,2,Mülk Sahibi Oturuyor,Şile,"15,000"
1+1,500,60,Villa Tipi,0 (Yeni),Klimalı,2,Boş,Arnavutköy,"18,000"
3+1,140,120,Düz Giriş,21 Ve Üzeri,Kombi Doğalgaz,2,Mülk Sahibi Oturuyor,Şile,"9,000"
1+1,82,75,6,1,Merkezi (Pay Ölçer),10,Mülk Sahibi Oturuyor,Başakşehir,"10,000"
2+1,128,105,6,5-10,Kombi Doğalgaz,15,Mülk Sahibi Oturuyor,Esenyurt,"7,000"
3+1,135,120,5,5-10,Kombi Doğalgaz,8,Mülk Sahibi Oturuyor,Silivri,"5,000"
3+1,174,120,14,4,Merkezi Doğalgaz,15,Mülk Sahibi Oturuyor,Başakşehir,"36,000"
2+1,75,70,2,11-15,Merkezi (Pay Ölçer),12,Mülk Sahibi Oturuyor,Başakşehir,"8,750"
1+1,65,55,Bahçe Katı,16-20,Kombi Doğalgaz,4,Boş,Sarıyer,"15,000"
3+2,155,145,2,16-20,Kombi Doğalgaz,3,Boş,Sarıyer,"26,000"
2+1,140,100,12,5-10,Merkezi (Pay Ölçer),20,Mülk Sahibi Oturuyor,Sarıyer,"30,000"
1+1,80,70,5,16-20,Kombi Doğalgaz,6,Boş,Bahçelievler,"12,000"
1+1,70,60,5,16-20,Kombi Doğalgaz,6,Kiracı Oturuyor,Bahçelievler,"10,000"
1+1,76,65,5,4,Yerden Isıtma,11,Mülk Sahibi Oturuyor,Büyükçekmece,"7,800"
1+1,70,60,3,4,Merkezi Doğalgaz,18,Mülk Sahibi Oturuyor,Bağcılar,"10,000"
Stüdyo,50,30,4,21 Ve Üzeri,Kombi Doğalgaz,4,Mülk Sahibi Oturuyor,Şişli,"8,000"
1+1,80,70,7,4,Merkezi (Pay Ölçer),30,Mülk Sahibi Oturuyor,Esenyurt,"11,000"
1+1,80,70,10,4,Merkezi (Pay Ölçer),30,Mülk Sahibi Oturuyor,Esenyurt,"10,000"
2+1,110,100,16,16-20,Merkezi Doğalgaz,17,Boş,Zeytinburnu,"13,000"
2+1,100,90,Kot 2 (-2),16-20,Kombi Doğalgaz,3,Mülk Sahibi Oturuyor,Şile,"6,000"
1+1,74,65,5,5-10,Merkezi (Pay Ölçer),15,Mülk Sahibi Oturuyor,Küçükçekmece,"10,000"
1+1,60,47,Yüksek Giriş,16-20,Merkezi Doğalgaz,4,Mülk Sahibi Oturuyor,Küçükçekmece,"6,500"
4+1,142,122,3,0 (Yeni),Kombi Doğalgaz,4,Mülk Sahibi Oturuyor,Kadıköy,"37,500"
2+1,85,75,4,21 Ve Üzeri,Kombi Doğalgaz,4,Mülk Sahibi Oturuyor,Kadıköy,"14,000"
2+1,116,87,16,5-10,Merkezi (Pay Ölçer),19,Mülk Sahibi Oturuyor,Küçükçekmece,"15,000"
2+1,100,90,2,5-10,Merkezi (Pay Ölçer),30,Boş,Esenyurt,"12,500"
3+1,164,140,Yüksek Giriş,5-10,Merkezi (Pay Ölçer),16,Boş,Başakşehir,"25,000"
3+1,135,120,1,1,Merkezi (Pay Ölçer),7,Boş,Başakşehir,"12,000"
2+1,100,87,2,21 Ve Üzeri,Kombi Doğalgaz,5,Mülk Sahibi Oturuyor,Beşiktaş,"22,000"
1+1,98,78,5,5-10,Kombi Doğalgaz,30,Mülk Sahibi Oturuyor,Sarıyer,"35,000"
2+1,130,110,4,21 Ve Üzeri,Kombi Doğalgaz,5,Mülk Sahibi Oturuyor,Fatih,"15,000"
4+1,216,150,23,4,Merkezi (Pay Ölçer),24,Mülk Sahibi Oturuyor,Kadıköy,"28,000"
1+1,65,50,13,0 (Yeni),Merkezi (Pay Ölçer),14,Mülk Sahibi Oturuyor,Kağıthane,"16,000"
3+1,145,125,5,21 Ve Üzeri,Kombi Doğalgaz,5,Mülk Sahibi Oturuyor,Silivri,"4,000"
4+2,450,300,Düz Giriş,21 Ve Üzeri,Kombi Doğalgaz,3,Mülk Sahibi Oturuyor,Beylikdüzü,"20,000"
1+1,85,67,8,5-10,Yerden Isıtma,23,Mülk Sahibi Oturuyor,Sarıyer,"23,000"
2+1,126,105,4,4,Merkezi (Pay Ölçer),13,Mülk Sahibi Oturuyor,Sarıyer,"30,000"
1+1,85,67,5,5-10,Yerden Isıtma,21,Mülk Sahibi Oturuyor,Sarıyer,"23,000"
1+1,85,65,8,5-10,Yerden Isıtma,20,Mülk Sahibi Oturuyor,Sarıyer,"23,000"
1+1,85,65,8,5-10,Yerden Isıtma,20,Mülk Sahibi Oturuyor,Sarıyer,"23,000"
3+1,190,130,22,4,Yerden Isıtma,27,Mülk Sahibi Oturuyor,Sarıyer,"42,000"
1+1,85,55,6,5-10,Yerden Isıtma,19,Mülk Sahibi Oturuyor,Sarıyer,"23,000"
1+1,85,55,8,5-10,Yerden Isıtma,20,Mülk Sahibi Oturuyor,Sarıyer,"23,000"
2+1,165,100,17,4,Merkezi (Pay Ölçer),21,Mülk Sahibi Oturuyor,Sarıyer,"35,000"
1+1,85,65,9,5-10,Yerden Isıtma,23,Mülk Sahibi Oturuyor,Sarıyer,"23,000"
2+1,101,72,10,5-10,Merkezi (Pay Ölçer),19,Mülk Sahibi Oturuyor,Sarıyer,"35,000"
2+1,85,80,1,16-20,Kombi Doğalgaz,7,Boş,Fatih,"10,900"
3+1,190,175,5,5-10,Merkezi (Pay Ölçer),10,Mülk Sahibi Oturuyor,Küçükçekmece,"32,000"
3+1,160,150,2,4,Yerden Isıtma,3,Mülk Sahibi Oturuyor,Beykoz,"15,000"
2+1,120,110,4,1,Kombi Doğalgaz,5,Mülk Sahibi Oturuyor,Beylikdüzü,"12,000"
2+1,100,90,4,21 Ve Üzeri,Kombi Doğalgaz,4,Mülk Sahibi Oturuyor,Tuzla,"5,500"
2+1,100,90,4,21 Ve Üzeri,Kombi Doğalgaz,4,Mülk Sahibi Oturuyor,Tuzla,"5,500"
2+1,90,80,5,4,Kombi Doğalgaz,5,Mülk Sahibi Oturuyor,Kağıthane,"15,000"
2+1,85,80,1,4,Kombi Doğalgaz,4,Mülk Sahibi Oturuyor,Beylikdüzü,"12,000"
Stüdyo,49,37,6,4,Klimalı,19,Kiracı Oturuyor,Maltepe,"10,000"
1+1,60,45,6,5-10,Merkezi (Pay Ölçer),9,Mülk Sahibi Oturuyor,Pendik,"9,500"
3+1,135,120,7,16-20,Kombi Doğalgaz,10,Mülk Sahibi Oturuyor,Pendik,"15,000"
3+1,180,170,4,16-20,Kombi Doğalgaz,5,Mülk Sahibi Oturuyor,Avcılar,"10,000"
3+1,130,120,3,21 Ve Üzeri,Kombi Doğalgaz,5,Mülk Sahibi Oturuyor,Avcılar,"8,000"
3+1,170,130,2,21 Ve Üzeri,Kombi Doğalgaz,3,Boş,Büyükçekmece,"30,000"
2+1,90,89,3,21 Ve Üzeri,Kombi Doğalgaz,5,Mülk Sahibi Oturuyor,Bahçelievler,"9,000"
2+1,80,70,2,21 Ve Üzeri,Kombi Doğalgaz,2,Boş,Gaziosmanpaşa,"5,000"
3+1,125,95,6,3,Merkezi (Pay Ölçer),11,Mülk Sahibi Oturuyor,Kadıköy,"22,400"
3+1,175,160,2,21 Ve Üzeri,Kombi Doğalgaz,5,Mülk Sahibi Oturuyor,Fatih,"15,000"
3+1,140,130,2,21 Ve Üzeri,Kombi Doğalgaz,5,Mülk Sahibi Oturuyor,Fatih,"19,000"
1+1,69,45,18,0 (Yeni),Merkezi (Pay Ölçer),21,Mülk Sahibi Oturuyor,Başakşehir,"7,000"
4+1,220,150,3,21 Ve Üzeri,Merkezi (Pay Ölçer),7,Mülk Sahibi Oturuyor,Başakşehir,"22,000"
1+1,75,70,11,5-10,Merkezi (Pay Ölçer),12,Mülk Sahibi Oturuyor,Esenyurt,"7,500"
2+1,65,60,3,21 Ve Üzeri,Kombi Doğalgaz,4,Mülk Sahibi Oturuyor,Zeytinburnu,"7,500"
2+1,117,98,7,4,Kombi Doğalgaz,18,Mülk Sahibi Oturuyor,Pendik,"15,000"
2+1,120,100,2,16-20,Kombi Doğalgaz,3,Mülk Sahibi Oturuyor,Büyükçekmece,"8,000"
Stüdyo,45,32,8,3,Merkezi (Pay Ölçer),9,Mülk Sahibi Oturuyor,Pendik,"6,000"
1+1,65,60,4,11-15,Kombi Doğalgaz,4,Mülk Sahibi Oturuyor,Ataşehir,"10,000"
2+1,120,100,2,21 Ve Üzeri,Kombi Doğalgaz,5,Boş,Şişli,"18,500"
2+1,82,70,4,4,Merkezi (Pay Ölçer),4,Boş,Başakşehir,"10,500"
2+1,115,85,6,5-10,Merkezi (Pay Ölçer),15,Boş,Esenyurt,"7,500"
2+1,85,80,Yüksek Giriş,4,Kombi Doğalgaz,5,Boş,Şişli,"15,000"
3+1,110,80,Yüksek Giriş,21 Ve Üzeri,Kombi Doğalgaz,4,Mülk Sahibi Oturuyor,Adalar,"9,000"
2+1,120,80,Bahçe Katı,3,Yerden Isıtma,21,Mülk Sahibi Oturuyor,Kartal,"16,000"
3+1,120,100,4,21 Ve Üzeri,Kombi Doğalgaz,5,Mülk Sahibi Oturuyor,Kartal,"8,000"
2+1,115,95,Düz Giriş,11-15,Kombi Doğalgaz,4,Mülk Sahibi Oturuyor,Tuzla,"9,000"
3+2,340,270,Müstakil,5-10,Kombi Doğalgaz,4,Boş,Sarıyer,"40,000"
2+1,100,90,2,11-15,Kombi Doğalgaz,2,Mülk Sahibi Oturuyor,Beykoz,"10,000"
4+1,265,245,10,5-10,Merkezi (Pay Ölçer),12,Mülk Sahibi Oturuyor,Başakşehir,"34,000"
2+2,150,120,2,3,Kombi Doğalgaz,2,Mülk Sahibi Oturuyor,Şile,"8,000"
2+1,110,100,1,0 (Yeni),Yerden Isıtma,5,Boş,Beşiktaş,"26,000"
1+1,66,52,15,1,Merkezi (Pay Ölçer),17,Boş,Kağıthane,"18,000"
1+1,90,80,Çatı Katı,21 Ve Üzeri,Klimalı,4,Boş,Fatih,"5,700"
1+1,86,56,14,5-10,Yerden Isıtma,20,Boş,Sarıyer,"22,000"
2+1,100,90,Müstakil,21 Ve Üzeri,Isıtma Yok,2,Boş,Gaziosmanpaşa,"7,000"
2+1,98,88,3,0 (Yeni),Kombi Doğalgaz,5,Boş,Sultangazi,"10,000"
2+1,110,103,Bahçe Katı,5-10,Merkezi (Pay Ölçer),14,Mülk Sahibi Oturuyor,Küçükçekmece,"21,500"
2+1,110,103,Bahçe Katı,5-10,Merkezi (Pay Ölçer),18,Mülk Sahibi Oturuyor,Küçükçekmece,"25,000"
2.5+1,220,200,13,5-10,Merkezi Doğalgaz,13,Mülk Sahibi Oturuyor,Küçükçekmece,"17,000"
3+1,175,150,7,11-15,Merkezi (Pay Ölçer),9,Mülk Sahibi Oturuyor,Esenyurt,"10,500"
3+1,175,156,3,11-15,Kombi Doğalgaz,12,Mülk Sahibi Oturuyor,Beylikdüzü,"10,500"
3+1,190,180,1,21 Ve Üzeri,Kombi Doğalgaz,3,Mülk Sahibi Oturuyor,Avcılar,"12,000"
2+1,145,120,15,5-10,Kombi Doğalgaz,18,Mülk Sahibi Oturuyor,Esenyurt,"10,000"
5+2,345,280,12,5-10,Kombi Doğalgaz,12,Mülk Sahibi Oturuyor,Beylikdüzü,"23,000"
2+1,105,90,21,5-10,Merkezi (Pay Ölçer),28,Mülk Sahibi Oturuyor,Avcılar,"13,000"
2+1,125,100,16,5-10,Merkezi (Pay Ölçer),18,Mülk Sahibi Oturuyor,Bayrampaşa,"22,500"
2+1,80,75,Bahçe Katı,21 Ve Üzeri,Merkezi Doğalgaz,5,Boş,Beşiktaş,"15,000"
1+1,67,50,16,5-10,Merkezi (Pay Ölçer),23,Mülk Sahibi Oturuyor,Kağıthane,"13,500"
3+1,130,120,3,21 Ve Üzeri,Kombi Doğalgaz,5,Mülk Sahibi Oturuyor,Avcılar,"8,000"
2+1,95,85,Yüksek Giriş,11-15,Kombi Doğalgaz,5,Mülk Sahibi Oturuyor,Bahçelievler,"7,000"
3+1,144,125,Düz Giriş,5-10,Kombi Doğalgaz,30,Mülk Sahibi Oturuyor,Esenyurt,"8,000"
2+1,85,80,2,5-10,Merkezi (Pay Ölçer),10,Mülk Sahibi Oturuyor,Başakşehir,"12,000"
2+1,119,90,4,11-15,Kombi Doğalgaz,5,Mülk Sahibi Oturuyor,Silivri,"5,500"
1+1,83,62,8,5-10,Yerden Isıtma,20,Boş,Sarıyer,"23,000"
3+1,200,158,Bahçe Katı,5-10,Merkezi Doğalgaz,30,Boş,Sarıyer,"40,000"
1.5+1,115,61,8,0 (Yeni),Merkezi (Pay Ölçer),18,Boş,Bahçelievler,"16,000"
3+1,130,120,3,5-10,Kombi Doğalgaz,4,Boş,Küçükçekmece,"10,000"
2+1,100,90,Düz Giriş,3,Kombi Doğalgaz,5,Boş,Avcılar,"12,250"
1+1,85,65,14,5-10,Merkezi (Pay Ölçer),32,Mülk Sahibi Oturuyor,Sarıyer,"20,000"
3+1,135,125,1,21 Ve Üzeri,Kombi Doğalgaz,14,Mülk Sahibi Oturuyor,Beylikdüzü,"12,500"
2+1,70,60,Bahçe Katı,21 Ve Üzeri,Kombi Doğalgaz,4,Mülk Sahibi Oturuyor,Üsküdar,"24,000"
4+1,190,180,5,5-10,Kombi Doğalgaz,5,Boş,Bahçelievler,"14,000"
2+1,135,120,3,5-10,Kombi Doğalgaz,5,Mülk Sahibi Oturuyor,Büyükçekmece,"15,000"
2+1,190,150,Bahçe Katı,5-10,Kombi Doğalgaz,5,Mülk Sahibi Oturuyor,Beylikdüzü,"13,000"
2+1,110,90,8,4,Merkezi (Pay Ölçer),8,Mülk Sahibi Oturuyor,Kadıköy,"20,000"
2+1,110,100,4,16-20,Kombi Doğalgaz,5,Mülk Sahibi Oturuyor,Avcılar,"13,000"
2+1,100,90,2,21 Ve Üzeri,Kombi Doğalgaz,4,Mülk Sahibi Oturuyor,Avcılar,"6,000"
3+1,154,130,20,5-10,Merkezi (Pay Ölçer),22,Mülk Sahibi Oturuyor,Başakşehir,"22,000"
3+1,169,137,2,4,Yerden Isıtma,28,Boş,Başakşehir,"30,000"
2+1,110,95,Bahçe Katı,16-20,Kombi Doğalgaz,3,Boş,Büyükçekmece,"10,000"
3+1,150,130,5,3,Kombi Doğalgaz,5,Mülk Sahibi Oturuyor,Beylikdüzü,"12,500"
Stüdyo,65,55,10,5-10,Merkezi (Pay Ölçer),30,Boş,Sarıyer,"20,000"
2+1,125,110,5,21 Ve Üzeri,Kombi Doğalgaz,5,Boş,Bahçelievler,"8,000"
1+1,60,50,5,5-10,Merkezi Doğalgaz,11,Boş,Beşiktaş,"28,000"
1+1,60,50,4,21 Ve Üzeri,Kombi Doğalgaz,5,Boş,Bakırköy,"15,000"
1+1,55,50,6,21 Ve Üzeri,Merkezi Doğalgaz,14,Boş,Küçükçekmece,"6,500"
1+1,75,70,2,16-20,Kombi Doğalgaz,4,Boş,Büyükçekmece,"6,000"
2+1,90,80,Düz Giriş,5-10,Kombi Doğalgaz,5,Boş,Beylikdüzü,"8,300"
2+1,95,85,Yüksek Giriş,16-20,Güneş Enerjisi,4,Boş,Büyükçekmece,"6,500"
6+1,240,220,Çatı Dubleks,16-20,Kombi Doğalgaz,4,Boş,Şişli,"20,000"
2+1,116,75,5,4,Merkezi (Pay Ölçer),24,Mülk Sahibi Oturuyor,Kadıköy,"21,000"
2+1,85,75,1,11-15,Kombi Doğalgaz,10,Boş,Esenyurt,"8,500"
2+1,90,80,Yüksek Giriş,5-10,Kombi Doğalgaz,3,Boş,Şile,"5,000"
2+1,150,130,5,5-10,Merkezi (Pay Ölçer),14,Boş,Esenyurt,"10,000"
1+1,49,40,2,5-10,Merkezi (Pay Ölçer),3,Boş,Başakşehir,"5,000"
4+2,260,250,1,16-20,Kombi Doğalgaz,3,Boş,Üsküdar,"11,000"
2+1,150,130,5,5-10,Merkezi (Pay Ölçer),14,Boş,Esenyurt,"10,000"
1+1,49,40,2,5-10,Merkezi (Pay Ölçer),3,Boş,Başakşehir,"5,000"
4+2,260,250,1,16-20,Kombi Doğalgaz,3,Boş,Üsküdar,"11,000"
1+1,82,72,6,2,Merkezi Doğalgaz,10,Boş,Başakşehir,"10,000"
1+1,80,70,1,4,Merkezi (Pay Ölçer),10,Boş,Esenyurt,"7,000"
2+1,140,120,4,16-20,Kombi Doğalgaz,4,Boş,Fatih,"18,000"
3+1,147,110,5,2,Merkezi Doğalgaz,12,Boş,Başakşehir,"15,000"
4+1,260,250,Villa Tipi,21 Ve Üzeri,Kombi Doğalgaz,2,Boş,Arnavutköy,"18,500"
2+1,120,110,2,11-15,Merkezi Doğalgaz,7,Boş,Beylikdüzü,"13,000"
2+1,130,120,4,5-10,Merkezi (Pay Ölçer),5,Boş,Beylikdüzü,"15,000"
2+1,100,95,2,5-10,Merkezi Doğalgaz,5,Kiracı Oturuyor,Beylikdüzü,"8,000"
2+1,110,100,10,4,Merkezi (Pay Ölçer),22,Boş,Esenyurt,"15,000"
3+1,170,125,15,11-15,Merkezi Doğalgaz,15,Boş,Sarıyer,"40,000"
3+1,140,125,3,11-15,Kombi Doğalgaz,5,Mülk Sahibi Oturuyor,Şişli,"27,500"
3+2,200,175,6,5-10,Kombi Doğalgaz,6,Boş,Beylikdüzü,"15,000"
1+1,75,60,5,5-10,Merkezi (Pay Ölçer),30,Boş,Esenyurt,"7,500"
Stüdyo,50,40,3,5-10,Merkezi (Pay Ölçer),12,Boş,Esenyurt,"6,000"
2+1,125,115,Düz Giriş,5-10,Kombi Doğalgaz,7,Boş,Beylikdüzü,"8,000"
2+1,118,100,6,0 (Yeni),Merkezi (Pay Ölçer),15,Mülk Sahibi Oturuyor,Zeytinburnu,"25,000"
2+1,80,65,3,3,Kombi Doğalgaz,4,Mülk Sahibi Oturuyor,Üsküdar,"16,500"
2+2,170,150,4,2,Kombi Doğalgaz,4,Boş,Maltepe,"16,006"
1+1,80,75,2,5-10,Merkezi (Pay Ölçer),14,Boş,Esenyurt,"7,000"
1+1,80,65,Villa Tipi,5-10,Kombi Doğalgaz,2,Boş,Şile,"6,000"
3+1,135,120,2,16-20,Kombi Doğalgaz,2,Boş,Beykoz,"3,000"
4+1,200,190,Bahçe Dublex,5-10,Kombi Doğalgaz,4,Boş,Beylikdüzü,"25,000"
2+1,110,100,6,5-10,Merkezi (Pay Ölçer),22,Mülk Sahibi Oturuyor,Esenyurt,"9,000"
1+1,82,65,12,5-10,Merkezi (Pay Ölçer),14,Mülk Sahibi Oturuyor,Esenyurt,"6,500"
1+1,83,70,Düz Giriş,5-10,Merkezi Doğalgaz,15,Mülk Sahibi Oturuyor,Esenyurt,"8,500"
4+1,187,135,11,11-15,Merkezi (Pay Ölçer),16,Mülk Sahibi Oturuyor,Esenyurt,"20,000"
Stüdyo,40,30,19,5-10,Kombi Doğalgaz,25,Mülk Sahibi Oturuyor,Esenyurt,"4,500"
Stüdyo,40,30,19,5-10,Kombi Doğalgaz,25,Mülk Sahibi Oturuyor,Esenyurt,"4,500"
3+1,237,170,30-40,5-10,Merkezi (Pay Ölçer),30,Mülk Sahibi Oturuyor,Küçükçekmece,"26,000"
2+1,110,100,2,11-15,Kombi Doğalgaz,3,Mülk Sahibi Oturuyor,Şile,"7,500"
2+1,100,90,2,21 Ve Üzeri,Kombi Doğalgaz,4,Boş,Silivri,"6,000"
2+1,100,90,2,21 Ve Üzeri,Kombi Doğalgaz,4,Boş,Silivri,"5,000"
1+1,82,55,9,5-10,Merkezi (Pay Ölçer),20,Mülk Sahibi Oturuyor,Sarıyer,"35,000"
3+1,150,140,3,5-10,Kombi Doğalgaz,8,Mülk Sahibi Oturuyor,Kağıthane,"25,000"
3+1,165,150,Düz Giriş,5-10,Yerden Isıtma,5,Mülk Sahibi Oturuyor,Beylikdüzü,"30,000"
3+1,205,180,Düz Giriş,21 Ve Üzeri,Kombi Doğalgaz,2,Mülk Sahibi Oturuyor,Tuzla,"18,000"
4+2,210,200,4,21 Ve Üzeri,Kombi Doğalgaz,4,Mülk Sahibi Oturuyor,Üsküdar,"12,000"
2+1,95,85,3,3,Kombi Doğalgaz,4,Mülk Sahibi Oturuyor,Bağcılar,"7,500"
2+1,110,70,7,3,Merkezi (Pay Ölçer),25,Mülk Sahibi Oturuyor,Kartal,"15,000"
1+1,90,85,14,5-10,Merkezi Doğalgaz,17,Mülk Sahibi Oturuyor,Başakşehir,"12,000"
4+1,180,155,Çatı Dubleks,4,Kombi Doğalgaz,5,Boş,Bahçelievler,"15,000"
1+1,75,65,1,5-10,Kombi Doğalgaz,6,Mülk Sahibi Oturuyor,Esenyurt,"7,000"
3+1,105,95,Kot 1 (-1),16-20,Merkezi Doğalgaz,5,Mülk Sahibi Oturuyor,Beşiktaş,"24,000"
3+1,100,80,3,21 Ve Üzeri,Kombi Doğalgaz,4,Boş,Beyoğlu,"12,750"
2+1,150,115,1,0 (Yeni),Merkezi (Pay Ölçer),10,Boş,Beylikdüzü,"12,000"
2+1,130,110,Bahçe Katı,0 (Yeni),Kombi Doğalgaz,4,Boş,Beylikdüzü,"10,000"
4+2,360,330,Müstakil,11-15,Kombi Doğalgaz,4,Boş,Başakşehir,"30,000"
1+1,100,90,1,5-10,Merkezi (Pay Ölçer),13,Mülk Sahibi Oturuyor,Esenyurt,"8,500"
1+1,65,60,3,21 Ve Üzeri,Kombi Doğalgaz,3,Boş,Sarıyer,"7,500"
2+1,110,90,1,5-10,Kombi Doğalgaz,4,Mülk Sahibi Oturuyor,Esenyurt,"7,500"
2+1,100,85,2,21 Ve Üzeri,Merkezi Doğalgaz,5,Mülk Sahibi Oturuyor,Bakırköy - Ataköy 3-4,"14,500"
3+1,120,110,4,21 Ve Üzeri,Kombi Doğalgaz,4,Boş,Bahçelievler,"10,000"
2+1,110,100,1,16-20,Kombi Doğalgaz,5,Boş,Bahçelievler,"14,000"
2+1,90,80,Yüksek Giriş,21 Ve Üzeri,Kombi Doğalgaz,4,Boş,Kadıköy,"22,000"
2.5+1,155,125,2,4,Merkezi Doğalgaz,12,Boş,Sarıyer,"35,000"
2+1,92,68,3,2,Merkezi (Pay Ölçer),7,Mülk Sahibi Oturuyor,Silivri,"5,200"
1+1,72,48,7,4,Merkezi (Pay Ölçer),12,Mülk Sahibi Oturuyor,Arnavutköy,"5,000"
1+1,88,65,2,4,Merkezi Doğalgaz,30,Boş,Şişli,"20,000"
3+1,160,130,20,4,Merkezi Doğalgaz,32,Boş,Sarıyer,"35,000"
Stüdyo,55,40,2,4,Merkezi Doğalgaz,9,Boş,Sarıyer,"16,000"
1+1,89,57,11,4,Merkezi (Pay Ölçer),20,Mülk Sahibi Oturuyor,Gaziosmanpaşa,"14,000"
4+1,280,240,1,4,Merkezi (Pay Ölçer),14,Mülk Sahibi Oturuyor,Başakşehir,"15,000"
3+1,110,100,3,21 Ve Üzeri,Kombi Doğalgaz,3,Mülk Sahibi Oturuyor,Adalar,"10,000"
1+1,80,70,Çatı Katı,21 Ve Üzeri,Kombi Doğalgaz,4,Mülk Sahibi Oturuyor,Beşiktaş,"15,000"
1+1,75,65,2,21 Ve Üzeri,Kombi Doğalgaz,5,Mülk Sahibi Oturuyor,Şişli,"22,000"
2+1,90,80,3,11-15,Kombi Doğalgaz,6,Boş,Avcılar,"12,000"
2+1,135,110,6,0 (Yeni),Merkezi Doğalgaz,18,Boş,Şişli,"39,900"
2+1,100,95,4,21 Ve Üzeri,Kombi Doğalgaz,5,Boş,Kadıköy,"10,500"
3+1,120,110,4,21 Ve Üzeri,Kombi Doğalgaz,4,Boş,Fatih,"4,500"
2+1,75,65,2,3,Kombi Doğalgaz,7,Boş,Kadıköy,"20,000"
2+1,85,80,3,11-15,Kombi Doğalgaz,4,Boş,Ataşehir,"8,250"
2+1,110,90,2,16-20,Kombi Doğalgaz,3,Mülk Sahibi Oturuyor,Silivri,"7,000"
Stüdyo,55,40,1,2,Merkezi (Pay Ölçer),16,Boş,Sarıyer,"16,000"
3+1,105,95,Kot 1 (-1),16-20,Merkezi (Pay Ölçer),5,Mülk Sahibi Oturuyor,Beşiktaş,"24,000"
4+2,180,165,5,21 Ve Üzeri,Kombi Doğalgaz,5,Mülk Sahibi Oturuyor,Bahçelievler,"12,500"
3+1,170,120,4,5-10,Merkezi (Pay Ölçer),30,Mülk Sahibi Oturuyor,Sarıyer,"45,000"
1+1,92,61,9,4,Merkezi (Pay Ölçer),26,Mülk Sahibi Oturuyor,Gaziosmanpaşa,"15,250"
3+1,130,120,6,21 Ve Üzeri,Merkezi (Pay Ölçer),8,Boş,Kadıköy,"15,000"
1+1,90,80,4,16-20,Kombi Doğalgaz,8,Boş,Beylikdüzü,"7,500"
3+2,280,250,29,5-10,Merkezi (Pay Ölçer),30,Boş,Esenyurt,"13,000"
2+1,85,68,8,5-10,Kombi Doğalgaz,11,Boş,Pendik,"8,000"
2+1,125,115,22,5-10,Merkezi (Pay Ölçer),25,Boş,Esenyurt,"8,500"
4+1,295,250,Çatı Katı,16-20,Kombi Doğalgaz,4,Boş,Maltepe,"29,500"
3+1,185,150,3,0 (Yeni),Kombi Doğalgaz,5,Boş,Beylikdüzü,"9,000"
3.5+1,185,150,4,4,Kombi Doğalgaz,7,Boş,Beylikdüzü,"9,000"
1+1,60,50,Yüksek Giriş,21 Ve Üzeri,Merkezi Doğalgaz,14,Boş,Esenyurt,"7,000"
1+1,65,55,9,0 (Yeni),Merkezi (Pay Ölçer),32,Boş,Ümraniye,"15,000"
1+1,60,50,Yüksek Giriş,21 Ve Üzeri,Merkezi Doğalgaz,14,Boş,Esenyurt,"7,000"
1+1,65,55,9,0 (Yeni),Merkezi (Pay Ölçer),32,Boş,Ümraniye,"15,000"
2+1,105,95,5,21 Ve Üzeri,Kombi Doğalgaz,5,Boş,Büyükçekmece,"8,000"
2+1,130,110,Yüksek Giriş,16-20,Kombi Doğalgaz,3,Boş,Bayrampaşa,"8,100"
1+1,56,43,1,0 (Yeni),Merkezi (Pay Ölçer),32,Boş,Ümraniye,"7,500"
2+2,200,150,Çatı Dubleks,3,Kombi Doğalgaz,4,Boş,Şile,"10,000"
2+1,90,80,1,4,Kombi Doğalgaz,6,Boş,Beylikdüzü,"10,000"
2+1,110,100,1,0 (Yeni),Kombi Doğalgaz,5,Mülk Sahibi Oturuyor,Bahçelievler,"12,000"
2+0,70,60,3,21 Ve Üzeri,Kombi Fueloil,3,Boş,Beyoğlu,"8,500"
2+1,120,85,Yüksek Giriş,16-20,Kombi Doğalgaz,5,Mülk Sahibi Oturuyor,Eyüpsultan,"10,000"
3+1,160,120,4,21 Ve Üzeri,Merkezi Doğalgaz,8,Boş,Kadıköy,"15,000"
2+1,80,70,3,11-15,Kombi Doğalgaz,4,Boş,Ataşehir,"10,000"
2+1,110,100,2,21 Ve Üzeri,Kombi Doğalgaz,4,Boş,Küçükçekmece,"7,000"
2+1,75,70,3,21 Ve Üzeri,Kombi Doğalgaz,4,Boş,Fatih,"7,000"
1.5+1,90,80,Düz Giriş,2,Sobalı,1,Mülk Sahibi Oturuyor,Sarıyer,"10,000"
1+1,55,40,2,5-10,Merkezi (Pay Ölçer),13,Boş,Kağıthane,"15,000"
3+1,180,160,4,21 Ve Üzeri,Kombi Doğalgaz,4,Boş,Beşiktaş,"25,000"
2+1,112,80,27,11-15,Merkezi (Pay Ölçer),30,Mülk Sahibi Oturuyor,Şişli,"20,000"
2+1,125,115,Düz Giriş,5-10,Kombi Doğalgaz,3,Boş,Silivri,"6,000"
1+1,60,50,8,5-10,Merkezi (Pay Ölçer),15,Mülk Sahibi Oturuyor,Kağıthane,"20,000"
3+1,110,100,4,16-20,Kombi Doğalgaz,4,Boş,Avcılar,"7,500"
2+1,110,100,4,16-20,Merkezi (Pay Ölçer),10,Mülk Sahibi Oturuyor,Sarıyer,"30,000"
2+1,75,72,2,1,Kombi Doğalgaz,6,Mülk Sahibi Oturuyor,Eyüpsultan,"10,000"
2+1,85,80,6,0 (Yeni),Kombi Doğalgaz,9,Mülk Sahibi Oturuyor,Şişli,"10,000"
2+1,120,110,Yüksek Giriş,21 Ve Üzeri,Kombi Doğalgaz,5,Mülk Sahibi Oturuyor,Şişli,"25,000"
3+1,175,165,2,5-10,Kombi Doğalgaz,16,Boş,Beylikdüzü,"12,000"
1+1,65,55,1,5-10,Kombi Doğalgaz,5,Mülk Sahibi Oturuyor,Şişli,"9,000"
Stüdyo,55,45,3,5-10,Merkezi (Pay Ölçer),8,Boş,Esenyurt,"6,000"
Stüdyo,50,37,2,21 Ve Üzeri,Klimalı,4,Mülk Sahibi Oturuyor,Kadıköy,"9,500"
3+2,250,200,Düz Giriş,16-20,Kombi Doğalgaz,2,Mülk Sahibi Oturuyor,Silivri,"17,500"
3+1,150,135,5,5-10,Merkezi (Pay Ölçer),10,Boş,Beylikdüzü,"15,000"
3+1,165,135,3,4,Kombi Doğalgaz,5,Boş,Beylikdüzü,"12,000"
1+1,65,55,Bahçe Katı,21 Ve Üzeri,Kombi Doğalgaz,3,Mülk Sahibi Oturuyor,Şile,"6,500"
2+1,100,80,Düz Giriş,3,Kombi Doğalgaz,4,Mülk Sahibi Oturuyor,Şile,"6,500"
1+1,60,50,8,0 (Yeni),Merkezi (Pay Ölçer),15,Mülk Sahibi Oturuyor,Kağıthane,"20,000"
2+1,87,72,7,21 Ve Üzeri,Kombi Doğalgaz,11,Mülk Sahibi Oturuyor,Başakşehir,"12,000"
2+1,117,107,1,11-15,Kombi Doğalgaz,6,Mülk Sahibi Oturuyor,Başakşehir,"15,000"
2+1,110,75,16,3,Merkezi Doğalgaz,30,Boş,Kadıköy,"22,500"
1+1,110,90,1,5-10,Merkezi Doğalgaz,15,Boş,Şişli,"30,000"
5+1,500,220,Villa Tipi,11-15,Kombi Fueloil,2,Kiracı Oturuyor,Sarıyer,"25,000"
3+1,170,145,13,5-10,Merkezi (Pay Ölçer),22,Mülk Sahibi Oturuyor,Küçükçekmece,"28,000"
3+1,170,145,13,5-10,Merkezi (Pay Ölçer),22,Mülk Sahibi Oturuyor,Küçükçekmece,"28,000"
2+1,125,110,3,4,Kombi Doğalgaz,6,Boş,Beylikdüzü,"8,500"
1+1,88,65,8,4,Merkezi (Pay Ölçer),42,Boş,Sarıyer,"25,000"
1+1,91,75,1,2,Merkezi (Pay Ölçer),8,Boş,Sarıyer,"30,000"
3+1,110,100,2,16-20,Kombi Doğalgaz,3,Boş,Sarıyer,"16,000"
2+1,180,150,3,16-20,Kombi Doğalgaz,4,Boş,Arnavutköy,"7,000"
1+1,80,60,1,4,Kombi Doğalgaz,5,Mülk Sahibi Oturuyor,Şişli,"15,500"
5+1,350,300,Villa Tipi,5-10,Kombi Doğalgaz,3,Boş,Büyükçekmece,"35,000"
3+1,170,140,10,11-15,Kombi Doğalgaz,13,Mülk Sahibi Oturuyor,Ataşehir,"32,000"
2+1,75,65,5,2,Kombi Doğalgaz,6,Boş,Bahçelievler,"10,000"
2+1,120,90,4,3,Merkezi (Pay Ölçer),20,Boş,Esenyurt,"7,500"
5+1,200,190,4,21 Ve Üzeri,Kombi Doğalgaz,4,Boş,Üsküdar,"12,500"
2+1,110,75,16,3,Merkezi Doğalgaz,30,Boş,Kadıköy,"25,000"
2+1,130,120,4,16-20,Kombi Doğalgaz,4,Boş,Fatih,"12,600"
3+1,160,140,Çatı Katı,21 Ve Üzeri,Merkezi Doğalgaz,4,Mülk Sahibi Oturuyor,Bakırköy,"19,000"
2+1,145,120,6,11-15,Merkezi (Pay Ölçer),8,Mülk Sahibi Oturuyor,Büyükçekmece,"12,500"
1+1,55,45,2,4,Kombi Doğalgaz,4,Mülk Sahibi Oturuyor,Avcılar,"7,000"
1+1,110,90,1,11-15,Merkezi Doğalgaz,15,Mülk Sahibi Oturuyor,Şişli,"25,000"
Stüdyo,35,30,Bahçe Katı,0 (Yeni),Kombi Doğalgaz,3,Mülk Sahibi Oturuyor,Ataşehir,"5,000"
Stüdyo,35,30,Bahçe Katı,0 (Yeni),Kombi Doğalgaz,3,Mülk Sahibi Oturuyor,Ataşehir,"5,000"
1+1,70,60,Yüksek Giriş,5-10,Kombi Doğalgaz,3,Mülk Sahibi Oturuyor,Ataşehir,"6,500"
1+1,90,80,2,3,Kombi Doğalgaz,4,Mülk Sahibi Oturuyor,Arnavutköy,"6,000"
1+1,70,55,15,1,Merkezi (Pay Ölçer),17,Mülk Sahibi Oturuyor,Sarıyer,"20,000"
1+1,70,55,15,1,Merkezi (Pay Ölçer),17,Mülk Sahibi Oturuyor,Sarıyer,"20,000"
5+2,310,280,Villa Tipi,5-10,Kombi Doğalgaz,3,Boş,Beylikdüzü,"29,000"
2+1,70,60,Bahçe Katı,16-20,Kombi Doğalgaz,5,Boş,Gaziosmanpaşa,"7,000"
3+1,120,100,2,11-15,Kombi Doğalgaz,5,Mülk Sahibi Oturuyor,Bağcılar,"10,000"
2+1,140,135,4,21 Ve Üzeri,Kombi Doğalgaz,4,Boş,Kartal,"8,000"
1+1,75,60,Yüksek Giriş,0 (Yeni),Kombi Doğalgaz,5,Mülk Sahibi Oturuyor,Başakşehir,"6,000"
2+1,110,95,4,1,Kombi Doğalgaz,9,Boş,Eyüpsultan,"14,500"
2+1,125,115,7,11-15,Merkezi (Pay Ölçer),16,Boş,Beylikdüzü,"10,000"
3+1,169,120,5,4,Merkezi (Pay Ölçer),12,Mülk Sahibi Oturuyor,Başakşehir,"18,000"
1+1,85,75,34,4,Merkezi (Pay Ölçer),40,Boş,Esenyurt,"13,500"
2+1,95,85,Bahçe Katı,2,Kombi Doğalgaz,4,Mülk Sahibi Oturuyor,Çekmeköy,"7,500"
2+1,90,85,5,11-15,Kombi Doğalgaz,10,Mülk Sahibi Oturuyor,Başakşehir,"9,000"
2+1,74,65,3,11-15,Kat Kaloriferi,13,Mülk Sahibi Oturuyor,Avcılar,"8,500"
3+1,145,140,3,21 Ve Üzeri,Kombi Doğalgaz,3,Mülk Sahibi Oturuyor,Avcılar,"15,000"
2+1,85,78,2,4,Kombi Doğalgaz,4,Boş,Sancaktepe,"6,500"
3+1,135,125,9,16-20,Kombi Doğalgaz,9,Boş,Kartal,"12,500"
2+1,80,70,5,4,Merkezi (Pay Ölçer),7,Mülk Sahibi Oturuyor,Başakşehir,"9,000"
4+2,150,140,5,5-10,Kombi Doğalgaz,5,Mülk Sahibi Oturuyor,Bahçelievler,"15,000"
3+1,115,95,Kot 1 (-1),21 Ve Üzeri,Merkezi Doğalgaz,5,Boş,Şişli,"13,000"
2+1,101,90,3,4,Merkezi (Pay Ölçer),16,Boş,Esenyurt,"9,000"
2+1,130,120,3,5-10,Kombi Doğalgaz,4,Boş,Çekmeköy,"10,999"
3+1,125,120,1,11-15,Kombi Doğalgaz,4,Boş,Ataşehir,"12,000"
3+1,160,140,3,5-10,Merkezi (Pay Ölçer),6,Mülk Sahibi Oturuyor,Kağıthane,"42,500"
2+1,150,120,8,2,Merkezi Doğalgaz,10,Boş,Kağıthane,"32,000"
2+1,110,70,21,2,Merkezi (Pay Ölçer),29,Mülk Sahibi Oturuyor,Maltepe,"25,000"
3+1,120,110,2,16-20,Kombi Doğalgaz,3,Mülk Sahibi Oturuyor,Sarıyer,"15,000"
3+1,140,120,Düz Giriş,3,Kombi Doğalgaz,4,Boş,Maltepe,"21,000"
2+1,115,100,3,21 Ve Üzeri,Kombi Doğalgaz,4,Mülk Sahibi Oturuyor,Bağcılar,"7,000"
1+1,70,60,20,5-10,Merkezi Doğalgaz,30,Boş,Esenyurt,"6,000"
4+1,300,280,Villa Tipi,5-10,Kombi Doğalgaz,3,Boş,Beylikdüzü,"29,000"
1+1,78,58,11,0 (Yeni),Yerden Isıtma,30,Mülk Sahibi Oturuyor,Ümraniye,"15,000"
3+1,160,145,2,11-15,Kombi Doğalgaz,10,Boş,Bahçelievler,"10,000"
4+1,260,250,2,21 Ve Üzeri,Kombi Doğalgaz,4,Mülk Sahibi Oturuyor,Bakırköy,"45,000"
2+1,95,85,5,11-15,Kombi Doğalgaz,8,Mülk Sahibi Oturuyor,Ataşehir,"10,500"
1+1,85,80,13,5-10,Merkezi Doğalgaz,16,Boş,Beylikdüzü,"11,500"
2+1,92,75,6,5-10,Merkezi (Pay Ölçer),6,Kiracı Oturuyor,Başakşehir,"10,500"
1+1,66,40,2,2,Merkezi (Pay Ölçer),20,Mülk Sahibi Oturuyor,Sarıyer,"13,000"
3+1,160,145,Düz Giriş,4,Kombi Doğalgaz,7,Boş,Beylikdüzü,"13,000"
2+1,125,115,3,16-20,Kombi Doğalgaz,6,Boş,Beylikdüzü,"9,500"
3+1,160,145,3,5-10,Kombi Doğalgaz,6,Boş,Beylikdüzü,"13,000"
1+1,80,70,Bahçe Katı,16-20,Kombi Doğalgaz,5,Boş,Sarıyer,"8,500"
1+1,95,85,5,5-10,Merkezi (Pay Ölçer),30,Mülk Sahibi Oturuyor,Sarıyer,"19,000"
3+1,170,130,20,5-10,Merkezi (Pay Ölçer),30,Mülk Sahibi Oturuyor,Sarıyer,"37,000"
2+1,115,90,Yüksek Giriş,21 Ve Üzeri,Merkezi (Pay Ölçer),4,Mülk Sahibi Oturuyor,Kadıköy,"18,000"
1+1,65,55,6,4,Merkezi (Pay Ölçer),23,Mülk Sahibi Oturuyor,Kadıköy,"12,500"
1+1,95,85,1,21 Ve Üzeri,Kombi Doğalgaz,4,Boş,Eyüpsultan,"8,500"
3+1,200,180,2,5-10,Kombi Doğalgaz,8,Mülk Sahibi Oturuyor,Beylikdüzü,"25,000"
2+1,110,100,13,21 Ve Üzeri,Merkezi Doğalgaz,14,Mülk Sahibi Oturuyor,Bakırköy - Ataköy 7-8-9,"14,000"
4+1,240,220,Müstakil,21 Ve Üzeri,Kombi Doğalgaz,2,Boş,Bahçelievler,"30,000"
2+1,110,90,Düz Giriş,11-15,Kombi Doğalgaz,3,Boş,Ataşehir,"12,000"
1+1,75,60,Kot 1 (-1),21 Ve Üzeri,Kombi Doğalgaz,5,Boş,Beyoğlu,"6,500"
2+1,101,72,15,0 (Yeni),Merkezi (Pay Ölçer),17,Mülk Sahibi Oturuyor,Kağıthane,"35,000"
2+1,80,75,Düz Giriş,21 Ve Üzeri,Kombi Doğalgaz,5,Mülk Sahibi Oturuyor,Avcılar,"6,000"
Stüdyo,40,30,Bahçe Katı,0 (Yeni),Kombi Doğalgaz,3,Boş,Ataşehir,"6,250"
3+1,140,105,23,4,Merkezi (Pay Ölçer),29,Mülk Sahibi Oturuyor,Başakşehir,"25,000"
2+1,155,110,1,5-10,Merkezi (Pay Ölçer),27,Mülk Sahibi Oturuyor,Avcılar,"23,000"
3+1,150,140,6,21 Ve Üzeri,Kombi Doğalgaz,6,Mülk Sahibi Oturuyor,Bayrampaşa,"10,000"
2+1,80,75,3,4,Kombi Doğalgaz,5,Mülk Sahibi Oturuyor,Kağıthane,"10,000"
2+0,60,45,Düz Giriş,21 Ve Üzeri,Kombi Doğalgaz,7,Mülk Sahibi Oturuyor,Beyoğlu,"10,000"
1+1,80,65,4,21 Ve Üzeri,Kombi Doğalgaz,6,Boş,Şişli,"15,000"
1+1,60,50,10,4,Merkezi (Pay Ölçer),17,Mülk Sahibi Oturuyor,Kağıthane,"19,500"
1+1,60,40,9,1,Merkezi (Pay Ölçer),17,Mülk Sahibi Oturuyor,Sarıyer,"17,500"
1+1,60,40,8,1,Merkezi (Pay Ölçer),17,Mülk Sahibi Oturuyor,Sarıyer,"19,000"
1+1,80,65,20,5-10,Merkezi (Pay Ölçer),30,Mülk Sahibi Oturuyor,Sarıyer,"16,000"
Stüdyo,60,40,18,4,Merkezi (Pay Ölçer),30,Mülk Sahibi Oturuyor,Sarıyer,"15,000"
3+1,155,138,9,5-10,Merkezi (Pay Ölçer),16,Mülk Sahibi Oturuyor,Beylikdüzü,"17,500"
2+1,85,75,5,21 Ve Üzeri,Kombi Doğalgaz,5,Mülk Sahibi Oturuyor,Beyoğlu,"18,000"
1+1,90,50,17,4,Merkezi (Pay Ölçer),24,Mülk Sahibi Oturuyor,Gaziosmanpaşa,"15,000"
2+1,95,85,20,5-10,Merkezi (Pay Ölçer),27,Boş,Esenyurt,"6,000"
3+1,140,130,3,4,Kombi Doğalgaz,6,Boş,Beylikdüzü,"13,000"
2+1,85,80,Bahçe Katı,21 Ve Üzeri,Kombi Doğalgaz,6,Mülk Sahibi Oturuyor,Şişli,"15,000"
1+1,90,85,4,4,Kombi Doğalgaz,9,Mülk Sahibi Oturuyor,Beylikdüzü,"10,000"
2+1,85,75,4,21 Ve Üzeri,Kombi Doğalgaz,5,Boş,Beyoğlu,"18,000"
4+1,280,240,1,5-10,Merkezi (Pay Ölçer),18,Boş,Başakşehir,"16,000"
3+1,145,140,10,4,Kombi Doğalgaz,15,Boş,Esenyurt,"11,000"
1+1,60,34,14,2,Merkezi (Pay Ölçer),30,Mülk Sahibi Oturuyor,Kartal,"15,000"
1+1,80,65,3,1,Kombi Doğalgaz,6,Mülk Sahibi Oturuyor,Şişli,"45,000"
2+1,90,80,3,21 Ve Üzeri,Kombi Doğalgaz,4,Mülk Sahibi Oturuyor,Sarıyer,"15,000"
1+1,65,50,12,0 (Yeni),Merkezi (Pay Ölçer),14,Boş,Kağıthane,"16,000"
3+1,190,150,13,5-10,Merkezi (Pay Ölçer),30,Mülk Sahibi Oturuyor,Sarıyer,"45,000"
3+1,135,110,7,16-20,Kombi Doğalgaz,7,Mülk Sahibi Oturuyor,Maltepe,"6,750"
2+1,95,85,3,5-10,Kombi Doğalgaz,5,Boş,Şişli,"15,000"
4+1,220,160,5,5-10,Kat Kaloriferi,15,Boş,Beşiktaş,"30,000"
1+1,60,50,Düz Giriş,11-15,Kombi Doğalgaz,4,Boş,Ümraniye,"7,750"
1+1,86,54,10,4,Merkezi (Pay Ölçer),24,Mülk Sahibi Oturuyor,Gaziosmanpaşa,"15,000"
Stüdyo,20,15,Yüksek Giriş,4,Klimalı,3,Mülk Sahibi Oturuyor,Fatih,"3,500"
2+1,120,105,6,5-10,Merkezi (Pay Ölçer),30,Mülk Sahibi Oturuyor,Esenyurt,"7,500"
Stüdyo,35,25,1,4,Merkezi (Pay Ölçer),4,Mülk Sahibi Oturuyor,Ataşehir,"6,500"
1+1,90,80,2,3,Kombi Doğalgaz,4,Mülk Sahibi Oturuyor,Arnavutköy,"6,500"
1+1,68,48,3,5-10,Merkezi (Pay Ölçer),29,Mülk Sahibi Oturuyor,Başakşehir,"18,500"
1+1,72,55,2,16-20,Kombi Doğalgaz,8,Mülk Sahibi Oturuyor,Şişli,"12,000"
1+1,90,85,1,4,Kombi Doğalgaz,9,Mülk Sahibi Oturuyor,Beylikdüzü,"6,750"
3+1,120,110,Düz Giriş,21 Ve Üzeri,Kombi Doğalgaz,5,Mülk Sahibi Oturuyor,Avcılar,"7,000"
Stüdyo,55,45,3,21 Ve Üzeri,Isıtma Yok,3,Boş,Beyoğlu,"4,750"
2+1,115,100,3,21 Ve Üzeri,Merkezi Doğalgaz,5,Mülk Sahibi Oturuyor,Şişli,"25,000"
2+1,110,105,5,21 Ve Üzeri,Kombi Doğalgaz,20,Mülk Sahibi Oturuyor,Zeytinburnu,"12,000"
1+1,50,30,4,4,Merkezi (Pay Ölçer),14,Boş,Kağıthane,"15,000"
2+1,110,95,4,21 Ve Üzeri,Kombi Doğalgaz,6,Mülk Sahibi Oturuyor,Küçükçekmece,"10,000"
3+1,150,130,12,21 Ve Üzeri,Merkezi (Pay Ölçer),17,Boş,Kadıköy,"20,000"
2+1,110,95,4,21 Ve Üzeri,Kombi Doğalgaz,5,Boş,Bahçelievler,"7,500"
3+1,160,135,Düz Giriş,5-10,Kombi Doğalgaz,6,Mülk Sahibi Oturuyor,Büyükçekmece,"11,000"
3+1,120,110,Bahçe Katı,4,Kombi Doğalgaz,5,Mülk Sahibi Oturuyor,Şişli,"28,000"
2+1,130,120,2,5-10,Merkezi (Pay Ölçer),30,Mülk Sahibi Oturuyor,Şişli,"30,000"
4+1,220,200,3,5-10,Kombi Doğalgaz,8,Mülk Sahibi Oturuyor,Beylikdüzü,"17,000"
1+1,98,84,9,5-10,Merkezi (Pay Ölçer),19,Boş,Sarıyer,"22,000"
1+1,90,60,5,5-10,Merkezi (Pay Ölçer),42,Boş,Şişli,"25,000"
4+1,200,170,Villa Tipi,11-15,Kombi Doğalgaz,3,Mülk Sahibi Oturuyor,Şile,"14,000"
1+1,70,50,16,3,Merkezi (Pay Ölçer),30,Mülk Sahibi Oturuyor,Avcılar,"7,500"
2+1,95,85,Bahçe Katı,2,Kombi Doğalgaz,4,Mülk Sahibi Oturuyor,Çekmeköy,"7,500"
2+1,100,90,Düz Giriş,16-20,Kombi Doğalgaz,5,Mülk Sahibi Oturuyor,Şişli,"15,000"
2+1,120,100,5,21 Ve Üzeri,Kombi Doğalgaz,5,Mülk Sahibi Oturuyor,Şişli,"25,000"
3+1,140,110,5,21 Ve Üzeri,Merkezi Doğalgaz,5,Mülk Sahibi Oturuyor,Şişli,"22,000"
3+1,130,110,1,5-10,Kombi Doğalgaz,6,Boş,Beylikdüzü,"12,000"
3+1,120,110,4,11-15,Kombi Doğalgaz,7,Mülk Sahibi Oturuyor,Beşiktaş,"20,000"
2+1,82,69,3,4,Merkezi (Pay Ölçer),5,Mülk Sahibi Oturuyor,Başakşehir,"11,500"
3+1,160,110,6,5-10,Kombi Doğalgaz,9,Mülk Sahibi Oturuyor,Üsküdar,"16,500"
3+1,160,110,6,5-10,Kombi Doğalgaz,9,Mülk Sahibi Oturuyor,Üsküdar,"16,500"
1+1,60,40,7,1,Merkezi (Pay Ölçer),17,Mülk Sahibi Oturuyor,Kağıthane,"17,500"
1+1,50,35,8,1,Merkezi (Pay Ölçer),16,Mülk Sahibi Oturuyor,Kağıthane,"12,500"
3+1,145,135,4,21 Ve Üzeri,Kombi Doğalgaz,4,Mülk Sahibi Oturuyor,Avcılar,"11,000"
2+1,65,60,6,11-15,Merkezi (Pay Ölçer),10,Boş,Başakşehir,"8,000"
1+1,70,60,15,5-10,Merkezi (Pay Ölçer),18,Mülk Sahibi Oturuyor,Bayrampaşa,"12,500"
3+1,190,180,4,5-10,Kombi Doğalgaz,8,Mülk Sahibi Oturuyor,Büyükçekmece,"17,000"
1+1,65,55,6,4,Merkezi (Pay Ölçer),23,Boş,Kadıköy,"12,500"
1+1,75,65,Düz Giriş,5-10,Kombi Doğalgaz,5,Boş,Esenyurt,"4,000"
1+1,140,110,3,21 Ve Üzeri,Kombi Doğalgaz,3,Mülk Sahibi Oturuyor,Pendik,"6,250"
3+1,120,110,1,21 Ve Üzeri,Kombi Doğalgaz,5,Mülk Sahibi Oturuyor,Bahçelievler,"11,500"
1+1,52,50,4,16-20,Merkezi Doğalgaz,18,Mülk Sahibi Oturuyor,Küçükçekmece,"7,500"
1+1,110,100,2,4,Kombi Doğalgaz,4,Boş,Beylikdüzü,"8,000"
5+2,1.000,450,Düz Giriş,21 Ve Üzeri,Kombi Doğalgaz,3,Mülk Sahibi Oturuyor,Beylikdüzü,"43,000"
2+1,80,75,1,21 Ve Üzeri,Klimalı,4,Boş,Kadıköy,"30,000"
4+1,400,350,Düz Giriş,11-15,Kombi Doğalgaz,3,Mülk Sahibi Oturuyor,Büyükçekmece,"20,000"
3+1,110,90,1,21 Ve Üzeri,Kombi Doğalgaz,4,Boş,Şişli,"29,000"
6+2,430,380,Düz Giriş,0 (Yeni),Yerden Isıtma,4,Mülk Sahibi Oturuyor,Beylikdüzü,"35,000"
5+1,900,350,Müstakil,5-10,Kombi Doğalgaz,2,Kiracı Oturuyor,Silivri,"20,000"
5+2,250,220,Villa Tipi,5-10,Kombi Doğalgaz,2,Boş,Silivri,"15,000"
1+1,75,60,3,21 Ve Üzeri,Kombi Doğalgaz,3,Boş,Beyoğlu,"10,000"
1+1,75,50,4,0 (Yeni),Merkezi Doğalgaz,13,Boş,Sarıyer,"20,000"
2+1,80,79,10,4,Merkezi Doğalgaz,18,Kiracı Oturuyor,Küçükçekmece,"14,500"
3+1,120,110,2,16-20,Kombi Doğalgaz,2,Boş,Sarıyer,"15,000"
1+1,75,65,16,5-10,Merkezi (Pay Ölçer),36,Mülk Sahibi Oturuyor,Sarıyer,"25,000"
1+1,75,70,4,21 Ve Üzeri,Kombi Doğalgaz,4,Mülk Sahibi Oturuyor,Beşiktaş,"12,500"
5+2,500,400,Düz Giriş,16-20,Kombi Doğalgaz,4,Mülk Sahibi Oturuyor,Beylikdüzü,"40,000"
5+1,700,470,Müstakil,5-10,Kombi Doğalgaz,3,Boş,Silivri,"30,000"
3+2,200,180,Çatı Katı,21 Ve Üzeri,Kombi Doğalgaz,5,Mülk Sahibi Oturuyor,Kartal,"11,000"
1+1,65,55,5,0 (Yeni),Merkezi Doğalgaz,11,Boş,Beylikdüzü,"14,000"
1+1,65,55,5,0 (Yeni),Merkezi Doğalgaz,11,Boş,Beylikdüzü,"14,000"
1+1,90,80,Bahçe Katı,16-20,Kombi Doğalgaz,3,Boş,Sarıyer,"9,000"
2+1,75,60,1,11-15,Klimalı,4,Boş,Kartal,"6,000"
3+1,140,130,3,16-20,Kombi Doğalgaz,3,Mülk Sahibi Oturuyor,Avcılar,"15,000"
2+1,115,85,15,5-10,Merkezi (Pay Ölçer),30,Mülk Sahibi Oturuyor,Sarıyer,"35,000"
2+1,115,80,14,5-10,Merkezi (Pay Ölçer),30,Mülk Sahibi Oturuyor,Sarıyer,"30,000"
2+1,95,85,Kot 2 (-2),21 Ve Üzeri,Kombi Doğalgaz,4,Boş,Bakırköy,"11,500"
3+1,160,130,7,11-15,Kombi Doğalgaz,7,Boş,Pendik,"12,500"
1+1,70,60,16,5-10,Merkezi (Pay Ölçer),36,Mülk Sahibi Oturuyor,Sarıyer,"25,000"
4.5+1,200,175,3,21 Ve Üzeri,Kombi Doğalgaz,4,Mülk Sahibi Oturuyor,Avcılar,"8,600"
2+1,165,140,Müstakil,5-10,Kombi Doğalgaz,4,Mülk Sahibi Oturuyor,Beşiktaş,"26,000"
1+1,85,65,14,0 (Yeni),Merkezi (Pay Ölçer),16,Mülk Sahibi Oturuyor,Kağıthane,"18,000"
1+1,65,45,3,1,Merkezi Doğalgaz,18,Boş,Kağıthane,"18,000"
2+1,102,70,5,5-10,Merkezi (Pay Ölçer),18,Mülk Sahibi Oturuyor,Bağcılar,"15,000"
1+1,80,70,5,5-10,Kombi Doğalgaz,5,Mülk Sahibi Oturuyor,Maltepe,"5,300"
2+1,95,85,1,21 Ve Üzeri,Kombi Doğalgaz,5,Boş,Bahçelievler,"9,000"
1+1,90,75,5,1,Yerden Isıtma,5,Boş,Beşiktaş,"22,000"
1+1,70,60,14,4,Merkezi (Pay Ölçer),30,Mülk Sahibi Oturuyor,Kadıköy,"12,500"
2+1,120,100,3,11-15,Kombi Doğalgaz,5,Boş,Küçükçekmece,"7,000"
2+1,110,77,2,0 (Yeni),Merkezi (Pay Ölçer),3,Boş,Maltepe,"25,000"
4+1,220,190,10,5-10,Kombi Doğalgaz,12,Mülk Sahibi Oturuyor,Beylikdüzü,"32,000"
1+1,60,40,15,4,Merkezi (Pay Ölçer),34,Boş,Kartal,"15,000"
2+1,100,90,5,21 Ve Üzeri,Kombi Doğalgaz,5,Mülk Sahibi Oturuyor,Küçükçekmece,"12,000"
2+1,85,75,Kot 1 (-1),11-15,Merkezi (Pay Ölçer),9,Mülk Sahibi Oturuyor,Başakşehir,"7,000"
3+1,170,160,1,5-10,Kombi Doğalgaz,4,Boş,Avcılar,"15,500"
3+1,125,115,5,4,Kombi Doğalgaz,5,Kiracı Oturuyor,Tuzla,"12,000"
2+1,125,110,9,5-10,Merkezi (Pay Ölçer),18,Mülk Sahibi Oturuyor,Bayrampaşa,"15,000"
3+1,130,120,4,0 (Yeni),Kombi Doğalgaz,5,Mülk Sahibi Oturuyor,Bayrampaşa,"12,500"
4+1,190,180,7,5-10,Kombi Doğalgaz,8,Boş,Beylikdüzü,"14,000"
2+1,95,80,8,4,Merkezi (Pay Ölçer),14,Mülk Sahibi Oturuyor,Kağıthane,"15,000"
2+1,100,90,1,21 Ve Üzeri,Isıtma Yok,2,Boş,Silivri,"15,000"
3+1,165,155,5,16-20,Isıtma Yok,5,Boş,Şile,"18,000"
1+1,90,75,2,16-20,Isıtma Yok,5,Kiracı Oturuyor,Kadıköy,"9,000"
2+1,125,120,Yüksek Giriş,21 Ve Üzeri,Kombi Doğalgaz,3,Mülk Sahibi Oturuyor,Sarıyer,"8,000"
1+1,85,65,14,0 (Yeni),Merkezi (Pay Ölçer),16,Mülk Sahibi Oturuyor,Kağıthane,"18,000"
4+1,240,200,Çatı Katı,5-10,Kombi Doğalgaz,5,Mülk Sahibi Oturuyor,Kağıthane,"15,000"
2+1,124,90,9,5-10,Merkezi (Pay Ölçer),13,Mülk Sahibi Oturuyor,Avcılar,"13,500"
3+1,145,120,5,5-10,Merkezi (Pay Ölçer),20,Mülk Sahibi Oturuyor,Bağcılar,"25,000"
3+1,120,100,Düz Giriş,21 Ve Üzeri,Kombi Doğalgaz,4,Mülk Sahibi Oturuyor,Tuzla,"10,000"
1+1,85,78,28,0 (Yeni),Merkezi (Pay Ölçer),30,Boş,Esenyurt,"11,000"
3+1,125,115,Düz Giriş,21 Ve Üzeri,Kombi Doğalgaz,5,Mülk Sahibi Oturuyor,Avcılar,"7,000"
6+1,240,220,Düz Giriş,11-15,Kombi Doğalgaz,3,Mülk Sahibi Oturuyor,Beylikdüzü,"23,000"
3+1,120,110,Villa Tipi,21 Ve Üzeri,Isıtma Yok,2,Mülk Sahibi Oturuyor,Şile,"17,500"
2+1,110,85,7,5-10,Merkezi (Pay Ölçer),16,Mülk Sahibi Oturuyor,Bahçelievler,"19,000"
1+1,68,55,2,5-10,Merkezi (Pay Ölçer),11,Mülk Sahibi Oturuyor,Kartal,"8,000"
4+1,220,190,10,5-10,Kombi Doğalgaz,12,Boş,Beylikdüzü,"21,000"
2+1,78,70,2,21 Ve Üzeri,Kombi Doğalgaz,4,Boş,Fatih,"6,500"
5+2,220,200,3,5-10,Kombi Doğalgaz,3,Mülk Sahibi Oturuyor,Küçükçekmece,"17,000"
1+1,120,105,11,5-10,Merkezi (Pay Ölçer),14,Mülk Sahibi Oturuyor,Esenyurt,"9,000"
3+1,220,219,3,5-10,Kombi Doğalgaz,3,Mülk Sahibi Oturuyor,Küçükçekmece,"33,000"
2+1,115,95,3,4,Kombi Doğalgaz,20,Mülk Sahibi Oturuyor,Esenyurt,"6,500"
2+1,110,100,2,5-10,Kombi Doğalgaz,13,Mülk Sahibi Oturuyor,Esenyurt,"6,500"
3+1,185,180,9,5-10,Merkezi (Pay Ölçer),13,Mülk Sahibi Oturuyor,Beylikdüzü,"15,000"
2+1,125,90,15,3,Yerden Isıtma,30,Mülk Sahibi Oturuyor,Sarıyer,"26,000"
1+1,65,55,2,5-10,Merkezi (Pay Ölçer),13,Mülk Sahibi Oturuyor,Esenyurt,"6,500"
3+1,220,190,4,4,Kombi Doğalgaz,8,Mülk Sahibi Oturuyor,Beylikdüzü,"15,000"
4+1,325,300,Düz Giriş,11-15,Kombi Doğalgaz,3,Mülk Sahibi Oturuyor,Beykoz,"25,000"
3+1,170,150,10,5-10,Merkezi (Pay Ölçer),30,Mülk Sahibi Oturuyor,Sarıyer,"38,000"
3+1,170,135,10,5-10,Merkezi (Pay Ölçer),30,Mülk Sahibi Oturuyor,Sarıyer,"40,000"
3+1,170,150,21,11-15,Klimalı,30,Mülk Sahibi Oturuyor,Sarıyer,"45,000"
1+1,65,60,1,5-10,Kombi Doğalgaz,5,Boş,Maltepe,"6,000"
3+1,125,120,4,0 (Yeni),Merkezi Doğalgaz,6,Boş,Beşiktaş,"30,000"
1+1,60,48,6,4,Merkezi (Pay Ölçer),8,Mülk Sahibi Oturuyor,Başakşehir,"8,000"
1+1,65,55,11,1,Merkezi Doğalgaz,15,Boş,Sarıyer,"25,000"
2+1,140,120,Villa Tipi,21 Ve Üzeri,Kombi Doğalgaz,2,Boş,Şile,"7,000"
Stüdyo,35,30,2,3,Klimalı,4,Boş,Fatih,"4,500"
2+1,85,80,2,16-20,Yerden Isıtma,4,Boş,Büyükçekmece,"5,500"
3+1,135,120,2,21 Ve Üzeri,Kombi Doğalgaz,5,Kiracı Oturuyor,Beşiktaş,"20,000"
3+1,190,150,Bahçe Katı,5-10,Merkezi (Pay Ölçer),9,Mülk Sahibi Oturuyor,Pendik,"15,500"
2+1,130,120,1,5-10,Doğalgaz Sobalı,3,Mülk Sahibi Oturuyor,Başakşehir,"6,500"
3+1,100,98,3,11-15,Kombi Doğalgaz,5,Boş,Kartal,"7,500"
2+1,110,100,22,1,Kat Kaloriferi,35,Boş,Avcılar,"23,000"
2+1,115,95,5,16-20,Kombi Doğalgaz,5,Boş,Küçükçekmece,"5,800"
1+1,70,50,17,3,Merkezi (Pay Ölçer),30,Mülk Sahibi Oturuyor,Avcılar,"7,000"
1+1,70,57,23,5-10,Merkezi (Pay Ölçer),28,Mülk Sahibi Oturuyor,Bağcılar,"9,500"
3+1,117,90,20-30,5-10,Merkezi (Pay Ölçer),30,Mülk Sahibi Oturuyor,Sarıyer,"25,000"
2+1,115,90,14,5-10,Merkezi (Pay Ölçer),30,Mülk Sahibi Oturuyor,Sarıyer,"35,000"
3+1,170,130,15,5-10,Merkezi (Pay Ölçer),30,Mülk Sahibi Oturuyor,Sarıyer,"45,000"
2+1,115,90,4,5-10,Merkezi (Pay Ölçer),14,Mülk Sahibi Oturuyor,Sarıyer,"32,000"
1+1,85,75,6,5-10,Merkezi (Pay Ölçer),30,Mülk Sahibi Oturuyor,Sarıyer,"20,000"
4+1,190,145,5,21 Ve Üzeri,Kombi Doğalgaz,15,Mülk Sahibi Oturuyor,Kadıköy,"27,500"
3+1,185,165,2,16-20,Merkezi (Pay Ölçer),5,Boş,Beşiktaş,"30,000"
Stüdyo,60,55,1,11-15,Klimalı,8,Mülk Sahibi Oturuyor,Pendik,"8,250"
2+1,110,100,8,5-10,Kombi Doğalgaz,14,Boş,Esenyurt,"7,500"
1+1,95,63,4,4,Merkezi (Pay Ölçer),30,Mülk Sahibi Oturuyor,Sarıyer,"25,000"
3+1,105,90,3,5-10,Kombi Doğalgaz,5,Boş,Kağıthane,"11,000"
1+1,85,45,19,4,Merkezi (Pay Ölçer),24,Mülk Sahibi Oturuyor,Gaziosmanpaşa,"13,000"
1+1,67,46,13,4,Merkezi (Pay Ölçer),20,Mülk Sahibi Oturuyor,Gaziosmanpaşa,"12,000"
1+1,87,45,6,4,Merkezi (Pay Ölçer),24,Mülk Sahibi Oturuyor,Gaziosmanpaşa,"10,000"
2+1,102,92,11,11-15,Merkezi (Pay Ölçer),30,Mülk Sahibi Oturuyor,Esenyurt,"7,000"
